Adam Israel <adam@adamisrael.com>
Aleksei Arsenev <aarseniev@yandex-team.ru>
Alex Kahan <alex@zerofox.com>
Alex Kavanagh <ajkavanagh@users.noreply.github.com>
Alex Kavanagh <alex.kavanagh@canonical.com>
Alex Kavanagh <alex@ajkavanagh.co.uk>
Alex Willmer <alex@moreati.org.uk>
Alexander <kharkovalexander@gmail.com>
Anthony ARNAUD <anthony.arnaud@niji.fr>
Anthony ARNAUD <perso@anthony-arnaud.fr>
BryanQuigley <BryanQuigley@users.noreply.github.com>
Chris MacNaughton <chmacnaughton@gmail.com>
Chris MacNaughton <chris.macnaughton@canonical.com>
Chris MacNaughton <chris@centaurisolutions.nl>
Chuck Short <chuck.short@canonical.com>
Chuck Short <zulcss@gmail.com>
David Negreira <david@otherreality.net>
Felix Engelmann <felix-github@nlogn.org>
Gabriele Baldoni <gabrik@users.noreply.github.com>
Igor Malinovskiy <imalinovskiy@mirantis.com>
Igor Malinovskiy <u.glide@gmail.com>
Igor Vuk <parcijala@gmail.com>
Itxaka <itxakaserrano@gmail.com>
James Page <james.page@ubuntu.com>
Javier Santacruz <javier.santacruz.lc@gmail.com>
Jimmy McCrory <jimmy.mccrory@gmail.com>
Karol <github@ppkt.eu>
Kees Bos <cornelis.bos@gmail.com>
Lukas Erlacher <l.erlacher@googlemail.com>
Matthew Williams <mgwilliams@gmail.com>
Michał Sawicz <michal@sawicz.net>
Moysés Borges Furtado <moysesb@gmail.com>
Omer Akram <om26er@gmail.com>
Patrick Decat <pdecat@gmail.com>
Paul Hummer <paul.hummer@canonical.com>
Paul Hummer <paul@eventuallyanyway.com>
Paul Hummer <rockstar@users.noreply.github.com>
Paul Oyston <paul@synforge.com>
Rene Jochum <rene@jochums.at>
Rufus <31796184+deponian@users.noreply.github.com>
Sergio Schvezov <sergio.schvezov@canonical.com>
Stan Rudenko <me@rooty.name>
Stéphane Graber <stgraber@stgraber.org>
Stéphane Graber <stgraber@ubuntu.com>
Thomas Goirand <zigo@debian.org>
TianZhen <dawncold@users.noreply.github.com>
Tosh Lyons <toshism@gmail.com>
Tycho Andersen <tycho.andersen@canonical.com>
Virgil Dupras <hsoft@hardcoded.net>
atx <atx@drecks-provider.de>
datashaman <marlinf@datashaman.com>
e1ee1e11 <e1ee1e11e1ee@gmail.com>
halja <halja@kapsi.fi>
jpic <jamespic@gmail.com>
lasizoillo <lasizoillo@gmail.com>
mrtc0 <mrtc0@ssrf.in>
reversecipher <reversecipher@gmail.com>
zulcss <zulcss@gmail.com>
