,NN,s
',NN,'s
',NNP,'s
A,NN,a
A,NNP,a
ACT,NNP,act
AHAB,NN,ahab
AM,VBP,am
ARE,VBP,are
Aaron,NNP,aaron
Abarim,NNP,abarim
Abbey,NNP,abbey
Abdiel,NNP,abdiel
Abdon,NNP,abdon
Abednego,NNP,abednego
Abel,NNP,abel
Abia,NNP,abia
Abiah,NNP,abiah
Abiathar,NNP,abiathar
Abib,NNP,abib
Abidan,NNP,abidan
Abide,NNP,abide
Abiezer,NNP,abiezer
Abigail,NNP,abigail
Abihail,NNP,abihail
Abihu,NNP,abihu
Abijah,NNP,abijah
Abijam,NNP,abijam
Abimelech,NNP,abimelech
Abinadab,NNP,abinadab
Abinoam,NNP,abinoam
Abiram,NNP,abiram
Abishag,NNP,abishag
Abishai,NNP,abishai
Abishua,NNP,abishua
Abner,NNP,abner
About,RB,about
Above,RB,above
Abraham,NNP,abraham
Abram,NNP,abram
Absalom,NNP,absalom
Abyss,NNP,abyss
Accept,VB,accept
Accept,VBG,accepting
Accord,VBG,according
Accordingly,RB,accordingly
Achaia,NNP,achaia
Achan,NNP,achan
Achbor,NNP,achbor
Achilles,NNP,achilles
Achish,NNP,achish
Achor,NNP,achor
Achsah,NNP,achsah
Achzib,NNP,achzib
Act,NNP,act
Action,NN,action
Action,NNP,action
Actu,NNP,actus
Adah,NNP,adah
Adaiah,NNP,adaiah
Adam,NNP,adam
Adar,NNP,adar
Add,VB,add
Adieu,NNP,adieu
Adin,NNP,adin
Admah,NNP,admah
Admiral,NN,admiral
Admiral,NNP,admiral
Adonijah,NNP,adonijah
Adullam,NNP,adullam
Adversary,NNP,adversary
Aenea,NNP,aeneas
Africa,NNP,africa
African,JJ,african
After,RB,after
Afterward,NNP,afterward
Afterward,RB,afterward
Agag,NNP,agag
Agagite,NNP,agagite
Again,RB,again
Age,NNP,age
Age,NNPS,ages
Age,NNS,ages
Agrippa,NNP,agrippa
Ahab,NNP,ahab
Ahasuerus,NNP,ahasuerus
Ahaz,NNP,ahaz
Ahaziah,NNP,ahaziah
Ahiah,NNP,ahiah
Ahiezer,NNP,ahiezer
Ahijah,NNP,ahijah
Ahikam,NNP,ahikam
Ahilud,NNP,ahilud
Ahimaaz,NNP,ahimaaz
Ahiman,NNP,ahiman
Ahimelech,NNP,ahimelech
Ahinoam,NNP,ahinoam
Ahio,NNP,ahio
Ahira,NNP,ahira
Ahithophel,NNP,ahithophel
Ahitub,NNP,ahitub
Ahohite,NNP,ahohite
Aholah,NNP,aholah
Aholiab,NNP,aholiab
Aholibah,NNP,aholibah
Aholibamah,NNP,aholibamah
Ai,NNP,ai
Aiah,NNP,aiah
Aijalon,NNP,aijalon
Ain,NNP,ain
Airly,NNP,airly
Akkub,NNP,akkub
Ala,NNP,alas
Alabama,NNP,alabama
Alarum,NNP,alarum
Alarum,NNS,alarums
Alexander,NNP,alexander
Alice,NNP,alice
All,NNP,all
All,RB,all
Allah,NNP,allah
Alleluia,NNP,alleluia
Allenham,NNP,allenham
Alligator,NNP,alligator
Allon,NNS,allons
Almighty,NNP,almighty
Almost,RB,almost
Aloft,NNP,aloft
Aloft,RB,aloft
Alone,JJ,alone
Alone,RB,alone
Aloud,NNP,aloud
Alpha,NNP,alpha
Alphaeu,NNP,alphaeus
Alps,NNP,alps
Already,RB,already
Also,RB,also
Altogether,RB,altogether
Always,RB,always
Amalek,NNP,amalek
Amalekite,NNPS,amalekites
Amariah,NNP,amariah
Amasa,NNP,amasa
Amasai,NNP,amasai
Amaziah,NNP,amaziah
Ambition,NN,ambition
Ambitious,JJ,ambitious
America,NNP,america
American,JJ,american
American,NNP,american
American,NNPS,americans
Ammiel,NNP,ammiel
Ammihud,NNP,ammihud
Amminadab,NNP,amminadab
Ammishaddai,NNP,ammishaddai
Ammon,NNP,ammon
Ammonite,NNP,ammonite
Ammonite,NNPS,ammonites
Ammonitess,NNP,ammonitess
Amnon,NNP,amnon
Amon,NNP,amon
Amorite,NNP,amorite
Amorite,NNPS,amorites
Amos,NNP,amos
Amoz,NNP,amoz
Amram,NNP,amram
Anah,NNP,anah
Anak,NNP,anak
Anakim,NNPS,anakims
Anania,NNP,ananias
Anarchist,NNP,anarchist
Anathoth,NNP,anathoth
Ancient,NNP,ancient
Andersen,NNP,andersen
Andes,NNP,andes
Andrew,NNP,andrew
Andromeda,NNP,andromeda
Ang,NNP,ang
Angel,NNP,angel
Angel,NNPS,angels
Angell,NNP,angell
Angus,NNP,angus
Ann,NNP,ann
Anna,NNP,annas
Anne,NNP,anne
Anon,NNP,anon
Answer,VB,answer
Answerer,NNP,answerer
Answerest,NNP,answerest
Ant,NNP,ant
Antarctic,JJ,antarctic
Antioch,NNP,antioch
Antonio,NNP,antonio
Antony,NNP,antony
Anybody,NN,anybody
Anyhow,RB,anyhow
Anything,NN,anything
Aphek,NNP,aphek
Apollo,NNP,apollos
Apostle,NNP,apostle
Appar,NNP,appar
Apparition,NNP,apparition
Appetite,NNP,appetite
April,NNP,april
Aquila,NNP,aquila
Ar,NNP,ar
Arabia,NNP,arabia
Arabian,NNP,arabian
Arabian,NNPS,arabians
Arad,NNP,arad
Arah,NNP,arah
Aram,NNP,aram
Araunah,NNP,araunah
Arch,NNP,arch
Archer,NNP,archer
Archer,NNPS,archers
Archite,NNP,archite
Archive,NNP,archive
Archy,NNP,archy
Arctic,NNP,arctic
Argob,NNP,argob
Ariel,NNP,ariel
Arimathaea,NNP,arimathaea
Arioch,NNP,arioch
Arise,NNP,arise
Aristarchus,NNP,aristarchus
Arkansas,NNP,arkansas
Arm,NNP,arm
Arm'd,NNP,arm'd
Armagnac,NNP,armagnac
Arme,NNP,arme
Arme,NNPS,armes
Arme,NNS,armes
Army,NNP,army
Arnon,NNP,arnon
Aroer,NNP,aroer
Arpad,NNP,arpad
Arphaxad,NNP,arphaxad
Arsacidean,JJ,arsacidean
Art,NN,art
Art,NNP,art
Artaxerx,NNP,artaxerxes
Arthur,NNP,arthur
As,RB,as
Asa,NNP,asa
Asahel,NNP,asahel
Asaiah,NNP,asaiah
Asaph,NNP,asaph
Ashan,NNP,ashan
Ashdod,NNP,ashdod
Asher,NNP,asher
Ashkelon,NNP,ashkelon
Ashtaroth,NNP,ashtaroth
Ashton,NNP,ashton
Asia,NNP,asia
Asiatic,JJ,asiatic
Aside,RB,aside
Ask,VB,ask
Asp,NNP,asp
Asse,NNP,asse
Assemble,VB,assemble
Asshur,NNP,asshur
Assir,NNP,assir
Assuredly,RB,assuredly
Assyria,NNP,assyria
Assyrian,JJ,assyrian
Assyrian,NNP,assyrian
Assyrian,NNPS,assyrians
Astley,NNP,astley
Ataroth,NNP,ataroth
Ater,NNP,ater
Athaliah,NNP,athaliah
Atheist,NNP,atheist
Atheist,NNS,atheists
Athens,NNP,athens
Atlantic,JJ,atlantic
Atlantic,NNP,atlantic
Attai,NNP,attai
Attend,VB,attend
Attendant,NNS,attendants
Attorney,NNP,attorney
Audrey,NNP,audrey
August,NNP,august
Augusta,NNP,augusta
Augustus,NNP,augustus
Aunt,NNP,aunt
Auntie,NNP,auntie
Aurora,NNP,aurora
Australia,NNP,australia
Australian,JJ,australian
Author,NN,author
Avast,NN,avast
Avast,NNP,avast
Awake,NNP,awake
Away,RB,away
Aye,NNP,aye
Ayre,NNP,ayre
Azareel,NNP,azareel
Azariah,NNP,azariah
Azekah,NNP,azekah
Azel,NNP,azel
Azgad,NNP,azgad
Azmaveth,NNP,azmaveth
Azores,NNPS,azores
Azrikam,NNP,azrikam
Azubah,NNP,azubah
BAR,VBG,barring
BEAR,NN,bear
BEAR,NNP,bear
BLACK,NNP,black
BOOK,NN,book
BOOK,NNP,book
BOY,NNP,boy
BROWN,NNP,brown
BURSAL,NNP,bursal
BUSTER,NN,buster
Baal,NNP,baal
Baalah,NNP,baalah
Baalhanan,NNP,baalhanan
Baalim,NNP,baalim
Baalperazim,NNP,baalperazim
Baalzebub,NNP,baalzebub
Baanah,NNP,baanah
Baasha,NNP,baasha
Bab,NNP,bab
Babe,NNP,babe
Babel,NNP,babel
Baby,NNP,baby
Babylon,NNP,babylon
Babylonian,NNPS,babylonians
Bachelor,NNP,bachelor
Back,NNP,back
Back,RB,back
Bad,JJ,bad
Bad,JJR,worse
Bahurim,NNP,bahurim
Baker,NNP,baker
Balaam,NNP,balaam
Balak,NNP,balak
Baldwin,NNP,baldwin
Ballynagrish,NNP,ballynagrish
Baltic,NNP,baltic
Ban,NNP,ban
Bank,NNP,bank
Bank,NNPS,banks
Banner,NNP,banner
Banq,NNP,banq
Banquo,NNP,banquo
Banus,NNP,bani
Baptist,NNP,baptist
Bar,NNP,bar
Bar,VBG,barring
Barabbas,NNP,barabbas
Barak,NNP,barak
Barbara,NNP,barbara
Barbary,NNP,barbary
Barlow,NNP,barlow
Barn,NNP,barn
Barnabas,NNP,barnabas
Barnardo,NNP,barnardo
Baron,NNP,baron
Barring,NNP,barring
Bartholomew,NNP,bartholomew
Bartlett,NNP,bartlett
Barton,NNP,barton
Baruch,NNP,baruch
Barzillai,NNP,barzillai
Bashan,NNP,bashan
Bashemath,NNP,bashemath
Bate,NNP,bates
Bates,NNPS,bateses
Bath,NNP,bath
Bathsheba,NNP,bathsheba
Battaile,NNP,battaile
Battell,NNP,battell
Battersby,NNP,battersby
Bay,NNP,bay
Beale,NNP,beale
Bear,NNP,bear
Bear,VB,bear
Bear,VBN,born
Beard,NNP,beard
Beast,NNP,beast
Beast,NNPS,beasts
Beat,VB,beat
Beatrice,NNP,beatrice
Beau,NNP,beau
Beautie,NNP,beautie
Beautiful,JJ,beautiful
Beauty,NNP,beauty
Bebai,NNP,bebai
Becher,NNP,becher
Bed,NNP,bed
Bedford,NNP,bedford
Beelzebub,NNP,beelzebub
Beeroth,NNP,beeroth
Beerothite,NNP,beerothite
Beersheba,NNP,beersheba
Beetle,NNP,beetle
Began,NNP,began
Begin,VB,begin
Behold,NNP,behold
Behold,VB,behold
Bela,NNP,bela
Belial,NNP,belial
Believe,VB,believe
Bell,NNP,bell
Beloved,NNP,beloved
Below,RB,below
Belshazzar,NNP,belshazzar
Belteshazzar,NNP,belteshazzar
Ben,NNP,ben
Benaiah,NNP,benaiah
Bend,VBG,bending
Beneath,NNP,beneath
Benhadad,NNP,benhadad
Benjamin,NNP,benjamin
Benjamite,NNP,benjamite
Benjamite,NNPS,benjamites
Benwick,NNP,benwick
Beor,NNP,beor
Berechiah,NNP,berechiah
Beriah,NNP,beriah
Berkeley,NNP,berkeley
Bert,NNP,bert
Bertha,NNP,bertha
Besides,RB,besides
Bethany,NNP,bethany
Bethaven,NNP,bethaven
Bethel,NNP,bethel
Bethhoron,NNP,bethhoron
Bethlehem,NNP,bethlehem
Bethlehemite,NNP,bethlehemite
Bethlehemjudah,NNP,bethlehemjudah
Bethsaida,NNP,bethsaida
Bethshean,NNP,bethshean
Bethshemesh,NNP,bethshemesh
Bethuel,NNP,bethuel
Bethzur,NNP,bethzur
Betsy,NNP,betsy
Better,NNP,better
Betty,NNP,betty
Betwixt,NNP,betwixt
Beware,NNP,beware
Beware,VB,beware
Bezaleel,NNP,bezaleel
Bezer,NNP,bezer
Bible,NNP,bible
Bichrus,NNP,bichri
Bid,VB,bid
Big,NNP,big
Bigvai,NNP,bigvai
Bildad,NNP,bildad
Bilhah,NNP,bilhah
Bilhan,NNP,bilhan
Bill,NNP,bill
Billy,NNP,billy
Bind,VB,bind
Binnui,NNP,binnui
Bird,NNP,bird
Bird,NNPS,birds
Birth,NN,birth
Bishop,NNP,bishop
Black,NNP,black
Blacky,NNP,blacky
Blacky,VB,blacky
Blast,VB,blast
Bless,NNP,bless
Bless,VB,bless
Bless,VBN,blessed
Blessed,NNP,blessed
Blood,NN,blood
Blood,NNP,blood
Bloody,NNP,bloody
Blow,NNP,blow
Blow,VB,blow
Blue,NNP,blue
Boaz,NNP,boaz
Bobby,NNP,bobby
Body,NNP,body
Bold,NNP,bold
Bombay,NNP,bombay
Bond,NNP,bond
Book,NN,book
Book,NNP,book
Borne,NNP,borne
Boston,NNP,boston
Boulnoi,NNP,boulnois
Bouton,NNP,bouton
Bow,VB,bow
Box,NNP,box
Boy,NNP,boy
Boy,NNS,boys
Bozrah,NNP,bozrah
Bragge,NNP,bragge
Brahma,NNP,brahma
Brahmin,NNP,brahmin
Braine,NNP,braine
Brandon,NNP,brandon
Bravo,NNP,bravo
Break,VB,break
Breathe,NNP,breathe
Brethren,NNP,brethren
Brian,NNP,brian
Bridge,NNP,bridge
Bright,JJ,bright
Bring,VB,bring
Bristol,NNP,bristol
Britain,NNP,britain
British,JJ,british
British,NNP,british
Broad,NNP,broad
Broadway,NNP,broadway
Brobdingnag,NNP,brobdingnag
Brook,NNP,brook
Brooklyn,NNP,brooklyn
Brother,NN,brother
Brother,NNP,brother
Brother,NNPS,brothers
Brown,NNP,brown
Bru,NNP,bru
Brun,NNP,brun
Bruno,NNP,bruno
Brunswick,NNP,brunswick
Brut,NNP,brut
Brutus,NN,brutus
Brutus,NNP,brutus
Build,VB,build
Building,NNP,buildings
Building,NNS,buildings
Bukki,NNP,bukki
Bulkington,NNP,bulkington
Bull,NN,bull
Bull,NNP,bull
Bullock,NNP,bullock
Bunger,NNP,bunger
Bur,NNP,burs
Bur,NNS,burs
Burgundy,NNP,burgundy
Buriall,NNP,buriall
Burn,VBN,burnt
Bursal,NNP,bursal
Burton,NNPS,burtons
Business,NN,business
Businesse,NNP,businesse
Buster,NNP,buster
Bustle,NNP,bustle
Busy,JJ,busy
Butler,NNP,butler
Buy,VB,buy
Byrnane,NNP,byrnane
Byron,NNP,byron
CHAPTER,NN,chapter
CHAPTER,NNP,chapter
CHAPTER,VB,chapter
CHILD,NN,child
Cabaco,NNP,cabaco
Cabin,NNP,cabin
Cadiz,NNP,cadiz
Cae,NNP,caes
Caesar,NN,caesar
Caesar,NNP,caesar
Caesarea,NNP,caesarea
Cai,NNP,cai
Caiapha,NNP,caiaphas
Cain,NNP,cain
Cainan,NNP,cainan
Caius,NNP,caius
Calais,NNP,calais
Caleb,NNP,caleb
Calhoun,NNP,calhoun
California,NNP,california
Call,VB,call
Call,VBN,called
Calp,NNP,calp
Calphurnia,NNP,calphurnia
Cambridge,NNP,cambridge
Camden,NNP,camden
Came,NNP,came
Camel,NNP,camel
Camerado,NNP,camerado
Camille,NNP,camille
Camillo,NNP,camillo
Campbell,NNP,campbell
Campbell,NNPS,campbells
Cana,NNP,cana
Canaan,NNP,canaan
Canaanite,NNP,canaanite
Canaanite,NNPS,canaanites
Canaller,NNPS,canallers
Canaller,NNS,canallers
Candide,NNP,candide
Cannibal,NNP,cannibal
Cannon,NNP,cannon
Canst,NN,canst
Canst,NNP,canst
Canterbury,NNP,canterbury
Cap,NNP,cap
Cape,NNP,cape
Capernaum,NNP,capernaum
Capitoll,NNP,capitoll
Captain,NN,captain
Captain,NNP,captain
Captain,NNPS,captains
Carbuncle,NNP,carbuncle
Carey,NNPS,careys
Carlo,NNP,carlo
Carmel,NNP,carmel
Carmelite,NNP,carmelite
Carmi,NNP,carmi
Carolina,NNP,carolina
Carolina,NNPS,carolinas
Caroline,NNP,caroline
Carpenter,NN,carpenter
Carstair,NNP,carstairs
Carteret,NNP,carteret
Cas,NNP,cas
Case,NN,case
Case,NNP,case
Cask,NNP,cask
Caska,NNP,caska
Cass,NNP,cass
Cassi,NNP,cassi
Cassius,NNP,cassius
Cast,NNP,cast
Cast,VB,cast
Castle,NNP,castle
Cat,NNP,cat
Catastrophism,NNP,catastrophism
Caterpillar,NNP,caterpillar
Cathedral,NNP,cathedral
Catholic,JJ,catholic
Catholic,NNP,catholic
Catholic,NNPS,catholics
Catholicism,NNP,catholicism
Cato,NNP,cato
Cauldron,NNP,cauldron
Cause,NNP,cause
Caw,JJ,caw
Cawdor,NNP,cawdor
Cease,VB,cease
Cecil,NNP,cecil
Cecilia,NN,cecilia
Cecilia,NNP,cecilia
Celestial,JJ,celestial
Centenarian,NNP,centenarian
Central,NNP,central
Cepha,NNP,cephas
Cere,NNS,ceres
Ceremony,NNPS,ceremonies
Certain,NNP,certain
Certainly,RB,certainly
Cetology,NNP,cetology
Chace,NNP,chace
Chaldea,NNP,chaldea
Chaldean,NNPS,chaldeans
Chaldee,NNPS,chaldees
Chamber,NNP,chamber
Chamberlain,NNP,chamberlain
Chambermaid,NNP,chambermaid
Champion,NNP,champion
Chance,NNP,chance
Channel,NNP,channel
Chant,NNP,chant
Chao,NNP,chaos
Chapel,NNP,chapel
Chapter,NN,chapter
Charity,NNP,charity
Charlemagne,NNP,charlemagne
Charles,NNP,charles
Charlotte,NNP,charlotte
Charme,NNP,charme
Chatterer,NNP,chatterer
Chebar,NNP,chebar
Chedorlaomer,NNP,chedorlaomer
Chemosh,NNP,chemosh
Chenaanah,NNP,chenaanah
Chephirah,NNP,chephirah
Cherethite,NNPS,cherethites
Cherry,NNP,cherry
Cherub,NNP,cherub
Cherubick,NNP,cherubick
Cherubim,NNP,cherubim
Cheshire,NNP,cheshire
Chicago,NNP,chicago
Chick,NNP,chick
Chief,NNP,chief
Chiefly,NNP,chiefly
Child,NN,child
Child,NNP,child
Child,NNS,children
Childe,NNP,childe
Children,NNP,children
Chimham,NNP,chimham
Chimney,NNP,chimney
China,NNP,china
Chinese,JJ,chinese
Chinnereth,NNP,chinnereth
Chip,NNP,chip
Chittim,NNP,chittim
Choice,NNP,choice
Choose,VB,choose
Christ,NNP,christ
Christendom,NNP,christendom
Christian,JJ,christian
Christian,NNP,christian
Christian,NNPS,christians
Christianity,NNP,christianity
Christmas,NNP,christmas
Christopher,NNP,christopher
Church,NNP,church
Churchill,NNP,churchill
Churchill,NNPS,churchills
Chushanrishathaim,NNP,chushanrishathaim
Cicero,NNP,cicero
Cilicia,NNP,cilicia
Cin,NNP,cin
Cinna,NNP,cinna
Circus,NNP,circus
City,NN,city
City,NNP,city
Claude,NNP,claude
Claudio,NNP,claudio
Claudius,NNP,claudius
Clay,NNP,clay
Clear,JJ,clear
Clear,NNP,clear
Cleveland,NNP,cleveland
Clever,NNP,clever
Clifford,NNP,clifford
Clifton,NNP,clifton
Clit,NNP,clit
Clitus,NNP,clitus
Clo,NNP,clo
Close,JJ,close
Close,RB,close
Closset,NNP,closset
Cloud,NNP,cloud
Cloud,NNPS,clouds
Cobb,NNP,cobb
Cocke,NNP,cocke
Cod,NNP,cod
Coffin,NNP,coffin
Cold,JJ,cold
Cole,NNP,cole
Cole,NNPS,coles
Collection,NNP,collection
College,NNP,college
Cologne,NNP,cologne
Colonel,NNP,colonel
Colorado,NNP,colorado
Colour,NNP,colours
Columbia,NNP,columbia
Columbus,NNP,columbus
Combe,NNP,combe
Come,VB,come
Come,VBD,came
Come,VBG,coming
Come,VBP,come
Come,VBZ,comes
Comfort,NNP,comfort
Comforter,NNP,comforter
Command,NNP,command
Commission,NNP,commission
Commodore,NNP,commodore
Common,NNP,commons
Compare,VBN,compared
Complete,NNP,complete
Comrade,NN,comrade
Comrade,NNP,comrade
Comrade,NNS,comrades
Concern,VBG,concerning
Conduit,NNP,conduit
Confound,VB,confound
Confusion,NNP,confusion
Congo,NNP,congo
Congress,NNP,congress
Connecticut,NNP,connecticut
Conqueror,NNP,conqueror
Conscience,NN,conscience
Conscience,NNP,conscience
Consequently,RB,consequently
Consider,VB,consider
Consider,VBG,considering
Constancie,NNP,constancie
Constantinople,NNP,constantinople
Constitution,NNP,constitution
Convict,NNP,convict
Cook,NNP,cook
Coon,NNP,coon
Corinth,NNP,corinth
Corinthian,NNPS,corinthians
Corkscrew,NNP,corkscrew
Cornelius,NNP,cornelius
Cornish,JJ,cornish
Cornwall,NNP,cornwall
Cosin,NNP,cosin
Cottage,NN,cottage
Cottage,NNP,cottage
Council,NNP,council
Counsellor,NNP,counsellor
Count,NNP,count
Countrey,NNP,countrey
Country,NNP,country
Country,NNPS,countries
Countrymen,NNP,countrymen
Courage,NNP,courage
Court,NNP,court
Cousin,NNP,cousin
Coward,NNP,coward
Cowdray,NNP,cowdray
Cowper,NNP,cowper
Cox,NNP,cox
Cox,NNPS,coxes
Crab,NNP,crab
Cray,NNP,cray
Create,VBN,created
Creation,NNP,creation
Creator,NN,creator
Creator,NNP,creator
Creature,NNP,creature
Creature,NNS,creatures
Crete,NNP,crete
Croft,NNP,croft
Croft,NNPS,crofts
Croker,NNP,croker
Cross,NNP,cross
Crow,NNP,crow
Crown,NNP,crown
Crowne,NNP,crowne
Crucify,VB,crucify
Cruel,NNP,cruel
Cruelty,NNP,cruelty
Cry,NNP,cry
Cry,VB,cry
Cry,VBG,crying
Cuba,NNP,cuba
Culloden,NNP,culloden
Cumberland,NNP,cumberland
Cup,NNP,cup
Curious,JJ,curious
Curse,NNP,cursed
Curse,VBN,cursed
Cursed,JJ,cursed
Cush,NNP,cush
Cushi,NNP,cushi
Custome,NNP,custome
Cut,VB,cut
Cutler,NNP,cutler
Cuvier,NNP,cuvier
Cymber,NNP,cymber
Cynna,NNP,cynna
Cyprus,NNP,cyprus
Cyrene,NNP,cyrene
Cyrus,NNP,cyrus
Czar,NNP,czar
DEAR,NNP,dear
DO,VB,do
DO,VBD,did
DO,VBP,do
DUODECIMO,NN,duodecimo
Dagda,NNP,dagda
Dagger,NNP,dagger
Dagger,NNS,daggers
Daggoo,NNP,daggoo
Daggoo,NNS,daggoo
Dagon,NNP,dagon
Daily,NNP,daily
Daisy,NNP,daisy
Dakota,NNP,dakota
Dalroy,NNP,dalroy
Dalrymple,NNP,dalrymple
Damascus,NNP,damascus
Dame,NNP,dame
Damn,VB,damn
Dan,NNP,dan
Dane,NNP,dane
Daniel,NNP,daniel
Danish,NNP,danish
Danite,NNPS,danites
Dante,NNP,dante
Dare,VB,dare
Darius,NNP,darius
Dark,NNP,dark
Darkness,NNP,darkness
Dash,VB,dash
Dashwood,NNP,dashwood
Dashwood,NNPS,dashwoods
Dathan,NNP,dathan
Daughter,NN,daughter
Daughter,NNP,daughter
David,NNP,david
Davis,NNP,davis
Dawlish,NNP,dawlish
Day,NN,day
Day,NNP,day
Day,NNS,days
De,NNP,de
Deacon,NNP,deacon
Dead,JJ,dead
Dead,NNP,dead
Deal,NNP,deal
Dear,JJ,dear
Dear,NNP,dear
Dear,VB,dear
Death,NN,death
Death,NNP,death
Debir,NNP,debir
Deborah,NNP,deborah
December,NNP,december
Decius,NNP,decius
Deck,NNP,deck
Declare,VB,declare
Decus,NNP,deci
Dedan,NNP,dedan
Deep,JJ,deep
Deep,NNP,deep
Deep,RB,deep
Deere,NNP,deere
Deity,NNP,deity
Delaford,NNP,delaford
Delaiah,NNP,delaiah
Delight,NN,delight
Delightful,JJ,delightful
Delilah,NNP,delilah
Deliver,VB,deliver
Democracy,NNP,democracy
Denmark,NNP,denmark
Denmarke,NNP,denmarke
Depart,NNP,depart
Depend,VB,depend
Derbe,NNP,derbe
Derick,NNP,derick
Desart,NNP,desart
Descend,VB,descend
Desire,NNP,desire
Destroy,VB,destroy
Destruction,NNP,destruction
Deuel,NNP,deuel
Deuill,NNP,deuill
Deuteronomy,NNP,deuteronomy
Devil,NNP,devil
Devonshire,NNP,devonshire
Dewdrop,NNP,dewdrop
Di,NNP,di
Diamond,NNP,diamond
Diana,NNP,diana
Dibon,NNP,dibon
Dick,NNP,dick
Dim,NNP,dim
Dinah,NNP,dinah
Dinner,NNP,dinner
Directly,RB,directly
Dishan,NNP,dishan
Dishon,NNP,dishon
Diuell,NNP,diuell
Divine,NNP,divine
Dixon,NNP,dixon
Dixon,VBN,dixon
Do,VB,do
Do,VBD,did
Do,VBN,done
Do,VBP,do
Do,VBZ,does
Doct,NN,doct
Doct,NNP,doct
Doctor,NN,doctor
Doctor,NNP,doctor
Dodo,NNP,dodo
Doe,NN,doe
Doe,NNP,doe
Doe,VB,doe
Doeg,NNP,doeg
Domination,NNPS,dominations
Dominicho,NNP,dominicho
Don,NNP,don
Donalbaine,NNP,donalbaine
Donavan,NNP,donavan
Donwell,NNP,donwell
Dor,NNP,dor
Dormouse,NN,dormouse
Dormouse,NNP,dormouse
Dorsetshire,NNP,dorsetshire
Dost,NN,dost
Dost,NNP,dost
Doth,NN,doth
Doth,NNP,doth
Dothan,NNP,dothan
Doubt,NNP,doubt
Dough,NNP,dough
Dover,NNP,dover
Down,NNP,downs
Down,RB,down
Dr,NNP,dr
Dragon,NNP,dragon
Drake,NNP,drake
Draw,VB,draw
Dreame,NNP,dreame
Dreyfus,NNP,dreyfus
Drink,VB,drink
Drinke,NNP,drinke
Drive,VBN,driven
Drugger,NNP,drugger
Drum,NNP,drum
Drumme,NNP,drumme
Dry,NNP,dry
Dublin,NNP,dublin
Dubosc,NNP,dubosc
Duchess,NNP,duchess
Duck,NNP,duck
Duck,NNPS,ducks
Ducroix,NNP,ducroix
Duke,NNP,duke
Duly,NNP,duly
Dumah,NNP,dumah
Duncan,NNP,duncan
Dunsinane,NNP,dunsinane
Dunstable,NNP,dunstable
Durand,NNP,durand
Dutch,JJ,dutch
Dutch,NNP,dutch
ENGLISH,NNP,english
Eagle,NNP,eagle
Eagle,NNPS,eagles
Ear,NNP,ear
Earl,NNP,earl
Early,RB,early
Earth,NN,earth
Earth,NNP,earth
East,NNP,east
Easter,NNP,easter
Eastern,JJ,eastern
Eastern,NNP,eastern
Eat,VB,eat
Ebal,NNP,ebal
Ebed,NNP,ebed
Ebedmelech,NNP,ebedmelech
Eber,NNP,eber
Eden,NNP,eden
Edmund,NNP,edmund
Edom,NNP,edom
Edomite,NNP,edomite
Edomite,NNPS,edomites
Edrei,NNP,edrei
Edward,NNP,edward
Eglon,NNP,eglon
Egypt,NNP,egypt
Egyptian,JJ,egyptian
Egyptian,NNP,egyptian
Egyptian,NNPS,egyptians
Ehud,NNP,ehud
Ekron,NNP,ekron
Elah,NNP,elah
Elam,NNP,elam
Elath,NNP,elath
Elealeh,NNP,elealeh
Eleasah,NNP,eleasah
Eleazar,NNP,eleazar
Elector,NNP,elector
Elephant,NNP,elephant
Elhanan,NNP,elhanan
Eli,NNP,eli
Elia,NNP,elias
Eliab,NNP,eliab
Eliakim,NNP,eliakim
Eliasaph,NNP,eliasaph
Eliashib,NNP,eliashib
Eliel,NNP,eliel
Eliezer,NNP,eliezer
Elihu,NNP,elihu
Elijah,NNP,elijah
Elim,NNP,elim
Elimelech,NNP,elimelech
Elinor,NNP,elinor
Elioenai,NNP,elioenai
Eliphaz,NNP,eliphaz
Eliphelet,NNP,eliphelet
Elisabeth,NNP,elisabeth
Elisha,NNP,elisha
Elishama,NNP,elishama
Eliza,NNP,eliza
Elizabeth,NNP,elizabeth
Elizabethan,NNP,elizabethan
Elizaphan,NNP,elizaphan
Elizur,NNP,elizur
Elkanah,NNP,elkanah
Elliot,NNP,elliot
Elliot,NNPS,elliots
Elliott,NNP,elliott
Elnathan,NNP,elnathan
Elon,NNP,elon
Elsa,NNP,elsa
Else,RB,else
Elton,NNP,elton
Elton,NNPS,eltons
Embankment,NNP,embankment
Embrace,VBG,embracing
Emma,NNP,emma
Emperor,NNP,emperor
Emperor,NNPS,emperors
Empire,NNP,empire
Enan,NNP,enan
End,NN,end
End,NNP,end
Enderby,NNP,enderby
Enemie,NNP,enemie
Enemy,NNP,enemy
Enemy,NNPS,enemies
Engedus,NNP,engedi
England,NNP,england
English,JJ,english
English,NNP,english
Englishman,NNP,englishman
Enoch,NNP,enoch
Enos,NNP,enos
Enough,JJ,enough
Enough,NNP,enough
Enough,RB,enough
Enquire,NNP,enquire
Enrogel,NNP,enrogel
Enscombe,NNP,enscombe
Enter,NNP,enter
Enter,VB,enter
Enter,VBG,entering
Enterprize,NNP,enterprize
Epaminonda,NNP,epaminondas
Epaminonda,NNPS,epaminondas
Ephah,NNP,ephah
Epher,NNP,epher
Ephesian,NNPS,ephesians
Ephesus,NNP,ephesus
Ephraim,NNP,ephraim
Ephraimite,NNPS,ephraimites
Ephratah,NNP,ephratah
Ephrath,NNP,ephrath
Ephron,NNP,ephron
Epistle,NNP,epistle
Epsom,NNP,epsom
Equal,JJ,equal
Equal,NNP,equal
Equator,NNP,equator
Er,NNP,er
Ere,NNP,ere
Ere,VB,ere
Erie,NNP,erie
Erskine,NNP,erskine
Esaia,NNP,esaias
Esau,NNP,esau
Eshcol,NNP,eshcol
Eshtaol,NNP,eshtaol
Eshtemoa,NNP,eshtemoa
Esq,NNP,esq
Essex,NNP,essex
Esther,NNP,esther
Etam,NNP,etam
Eternal,JJ,eternal
Eternal,NNP,eternal
Eternity,NNP,eternity
Etham,NNP,etham
Ethan,NNP,ethan
Ethel,NNP,ethel
Ethereal,JJ,ethereal
Ethereal,NNP,ethereal
Ethiopia,NNP,ethiopia
Ethiopian,JJ,ethiopian
Ethiopian,NNP,ethiopian
Ethiopian,NNPS,ethiopians
Eton,NNP,eton
Euen,NNP,euen
Euphrate,NNP,euphrates
Euroclydon,NNP,euroclydon
Europe,NNP,europe
European,JJ,european
European,NNP,european
Eustache,NNP,eustache
Evan,NNP,evan
Eve,NNP,eve
Even,RB,even
Evening,NN,evening
Ever,RB,ever
Everybody,NN,everybody
Everyone,NN,everyone
Everything,NN,everything
Evil,JJ,evil
Evil,NNP,evil
Exactly,RB,exactly
Excellent,JJ,excellent
Except,VBG,excepting
Excuse,VB,excuse
Exeter,NNP,exeter
Exeunt,NNP,exeunt
Exit,NN,exit
Exit,NNP,exit
Exmoor,NNP,exmoor
Explain,VB,explain
Eye,NNP,eye
Eye,NNS,eyes
Eyre,NNPS,eyres
Ezekiel,NNP,ezekiel
Ezer,NNP,ezer
Eziongaber,NNP,eziongaber
Ezron,NNP,ezra
Ezrum,RB,ezra
Ezza,NNP,ezza
FAMOUS,NNP,famous
FARMER,NNP,farmer
FATHER,NNP,father
FIRST,NNP,first
FOLIO,NNP,folio
FRENCH,NNP,french
Face,NN,face
Face,NNP,face
Fact,NNS,facts
Fair,JJ,fair
Fair,NNP,fair
Fairfax,NNP,fairfax
Fairy,NNP,fairy
Faith,NN,faith
Faith,NNP,faith
Faithful,JJ,faithful
Falconroy,NNP,falconroy
Fall,VB,fall
Fall,VBD,fell
Fall,VBG,falling
False,JJ,false
Family,NNP,family
Fancy,NNP,fancy
Fanny,NNP,fanny
Fanshaw,NNP,fanshaw
Far,JJ,far
Far,NNP,far
Far,RB,far
Fare,VB,fare
Farewell,NNP,farewell
Farewell,VB,farewell
Farm,NN,farm
Farm,NNP,farm
Farmer,NNP,farmer
Fashion,NNP,fashion
Fast,JJ,fast
Fast,NNP,fast
Fast,RB,fast
Fate,NNP,fate
Fate,NNPS,fates
Father,NNP,father
Father,NNS,fathers
Fear,NN,fear
Fear,NNP,fear
Fear,VB,fear
Feare,NNP,feare
Feare,VB,feare
Fearless,NNP,fearless
Feast,NNP,feast
February,NNP,february
Fedallah,NNP,fedallah
Feed,VB,feed
Felix,NNP,felix
Fellow,NNP,fellow
Fellowe,NNP,fellowes
Female,NNP,female
Ferrar,NNP,ferrars
Ferrar,NNS,ferrars
Festus,NNP,festus
Fetch,VB,fetch
Few,JJ,few
Field,NNP,field
Fiend,NNP,fiend
Fierce,NNP,fierce
Fifth,NNP,fifth
Fight,VB,fight
Fill,VB,fill
Fin,NNP,fin
Fin,NNS,fins
Finally,RB,finally
Find,VB,find
Find,VBG,finding
Find,VBN,found
Fine,JJ,fine
Finn,NNP,finn
Finsb,NNS,finsb
Finsbury,NNP,finsbury
Fir,NNP,fir
Fire,NNP,fire
Firm,JJ,firm
First,JJ,first
First,NNP,first
First,RB,first
Fish,NN,fish
Fish,NNP,fish
Fisher,NNP,fisher
Fishermen,NNPS,fishermen
Fishery,NNP,fishery
Fit,JJ,fit
Flag,NN,flag
Flambeau,NNP,flambeau
Flask,NNP,flask
Flatterer,NNPS,flatterers
Flauius,NNP,flauius
Flean,NNPS,fleans
Flee,NNP,flee
Fleece,NNP,fleece
Fleet,NNP,fleet
Float,VBG,floating
Flood,NNP,flood
Flora,NNP,flora
Florida,NNP,florida
Flourish,NNP,flourish
Flower,NNPS,flowers
Fly,VB,fly
Foe,NNP,foe
Folio,NNP,folio
Follow,VB,follow
Follow,VBG,following
Folly,NNP,folly
Fomorian,NNPS,fomorians
Foole,NNP,foole
Footman,NNP,footman
Forasmuch,NN,forasmuch
Forasmuch,NNP,forasmuch
Ford,NNP,ford
Foremost,RB,foremost
Forest,NNP,forest
Forgive,VB,forgive
Form,NNP,forms
Forme,NNP,forme
Forrest,NNP,forrest
Forsake,VB,forsake
Forth,NNP,forth
Forth,RB,forth
Forthwith,NN,forthwith
Forthwith,NNP,forthwith
Fortinbra,NNP,fortinbras
Fortunately,RB,fortunately
Fortune,NNP,fortune
Foundation,NNP,foundation
Fourth,NNP,fourth
Fox,NNP,fox
Foyle,NNPS,foyles
Fran,NNP,fran
France,NNP,france
Francisco,NNP,francisco
Frank,NNP,frank
Franklin,NNP,franklin
Fre,VBN,fred
Frederick,NNP,frederick
Free,JJ,free
Free,NNP,free
Freedom,NNP,freedom
Freely,RB,freely
French,JJ,french
French,NNP,french
Frenchman,NNP,frenchman
Frenchman,NNPS,frenchmen
Friday,NNP,friday
Friend,NN,friend
Friend,NNP,friend
Friend,NNPS,friends
Friend,NNS,friends
Frode,NNP,frode
Frog,NNP,frog
Frog,NNPS,frogs
Full,JJ,full
Funerall,NNP,funerall
Furthermore,RB,furthermore
GIRL,NNS,girl
GLOBE,NNP,globe
GOD,NNP,god
GOOD,JJ,good
GOOD,NNP,good
GUTENBERG,NNP,gutenberg
Gaal,NNP,gaal
Gaash,NNP,gaash
Gabriel,NNP,gabriel
Gad,NNP,gad
Gadite,NNPS,gadites
Gaius,NNP,gaius
Galatia,NNP,galatia
Galilaean,NNPS,galilaeans
Galilee,NNP,galilee
Gall,NNP,gall
Gallowe,NNP,gallowes
Gamaliel,NNP,gamaliel
Garden,NNP,garden
Garden,NNPS,gardens
Garnery,NNP,garnery
Gate,NNP,gate
Gath,NNP,gath
Gather,NNP,gather
Gather,VB,gather
Gathrimmon,NNP,gathrimmon
Gave,NNP,gave
Gay,NNP,gay
Gaza,NNP,gaza
Geba,NNP,geba
Gedaliah,NNP,gedaliah
Gedor,NNP,gedor
Gehazi,NNP,gehazi
Gemariah,NNP,gemariah
General,NNP,general
General,NNPS,generals
Gent,NN,gent
Gent,NNP,gent
Gentile,NNPS,gentiles
Gentile,NNS,gentiles
Gentleman,NNP,gentleman
Gentleman,NNS,gentlemen
Gentlemen,NNP,gentlemen
Gentlemen,NNPS,gentlemen
Gently,RB,gently
George,NNP,george
Georgia,NNP,georgia
Gera,NNP,gera
Gerar,NNP,gerar
Gerizim,NNP,gerizim
German,JJ,german
German,NNP,german
Germany,NNP,germany
Gershom,NNP,gershom
Gershon,NNP,gershon
Gershonite,NNPS,gershonites
Gertrude,NNP,gertrude
Geshur,NNP,geshur
Geshurite,NNPS,geshurites
Get,VB,get
Gezer,NNP,gezer
Gho,RB,gho
Ghost,NN,ghost
Ghost,NNP,ghost
Giant,NNP,giant
Gibbethon,NNP,gibbethon
Gibeah,NNP,gibeah
Gibeon,NNP,gibeon
Gibeonite,NNPS,gibeonites
Gibraltar,NNP,gibraltar
Giddel,NNP,giddel
Gideon,NNP,gideon
Gideoni,NNP,gideoni
Gihon,NNP,gihon
Gilbert,NNP,gilbert
Gilboa,NNP,gilboa
Gilead,NNP,gilead
Gileadite,NNP,gileadite
Gileadite,NNPS,gileadites
Giles,NNP,giles
Gilgal,NNP,gilgal
Ginger,NNP,ginger
Gingerbread,NNP,gingerbread
Gird,NNP,gird
Girgashite,NNPS,girgashites
Gittite,NNP,gittite
Giue,NNP,giue
Giue,NNS,giue
Giue,VB,giue
Give,VB,give
Give,VBD,gave
Give,VBG,giving
Give,VBN,given
Give,VBP,give
Glad,NNP,glad
Gladly,RB,gladly
Glami,NNP,glamis
Glass,NNP,glass
Glide,VBG,gliding
Glory,NN,glory
Go,VB,go
Go,VBG,going
Go,VBN,gone
God,NNP,god
God,NNPS,gods
God,NNS,gods
Goddard,NNP,goddard
Goddess,NNP,goddess
Godhead,NNP,godhead
Godlike,NNP,godlike
Goe,RB,goe
Gog,NNP,gog
Gogol,NNP,gogol
Golan,NNP,golan
Gold,NN,gold
Golden,NNP,golden
Golgotha,NNP,golgotha
Goliath,NNP,goliath
Gomer,NNP,gomer
Gomorrah,NNP,gomorrah
Gomorrha,NNP,gomorrha
Good,JJ,good
Good,JJR,better
Good,JJS,best
Good,NNP,good
Goody,NNP,goody
Goose,NNP,goose
Gordon,NNP,gordon
Goshen,NNP,goshen
Gospel,NNP,gospel
Gothic,NNP,gothic
Gottlieb,NNP,gottlieb
Government,NNP,government
Governor,NNP,governor
Gowne,NNP,gowne
Gozan,NNP,gozan
Grace,NN,grace
Grace,NNP,grace
Grace,NNPS,graces
Gracious,JJ,gracious
Grammar,NNP,grammar
Grand,NNP,grand
Grandfather,NNP,grandfather
Grant,NNP,grant
Grant,VBG,granting
Graue,NNP,graue
Graue,NNS,graues
Gray,NNP,gray
Great,JJ,great
Great,NNP,great
Greater,NNP,greater
Greatly,RB,greatly
Greatnesse,NNP,greatnesse
Grecia,NNP,grecia
Grecian,JJ,grecian
Grecian,NNPS,grecians
Greco,NNP,greco
Greece,NNP,greece
Greek,JJ,greek
Greek,NNP,greek
Greek,NNPS,greeks
Green,NNP,green
Greenland,NNP,greenland
Greet,NNP,greet
Greet,VB,greet
Gregory,NN,gregory
Gregory,NNP,gregory
Gresham,NNP,gresham
Grey,NNP,grey
Greybeard,NNP,greybeard
Greybeard,NNPS,greybeards
Greywood,NNP,greywood
Grimm,NNP,grimm
Grope,NNP,grope
Grossenmark,NNP,grossenmark
Ground,NNP,ground
Grove,NNP,grove
Grupello,NNP,grupello
Gryphon,NNP,gryphon
Guernsey,NNP,guernsey
Guest,NNP,guest
Guil,NNP,guil
Guild,NNP,guild
Guildensterne,NNP,guildensterne
Guinea,NNP,guinea
Gunus,NNP,guni
Gutenberg,NNP,gutenberg
HAVE,VBD,had
HAVE,VBP,have
HAVE,VBZ,has
HER,NNP,her
HERE,RB,here
HIM,NNP,him
HISTORY,NN,history
Hadad,NNP,hadad
Hadadezer,NNP,hadadezer
Hadarezer,NNP,hadarezer
Hadoram,NNP,hadoram
Hadst,NNP,hadst
Hagar,NNP,hagar
Haggai,NNP,haggai
Haggith,NNP,haggith
Hail,NNP,hail
Haile,NNP,haile
Hal,NN,hal
Hal,NNP,hal
Half,NN,half
Half,NNP,half
Hall,NNP,hall
Hallo,NNP,hallo
Halloa,NN,halloa
Ham,NN,ham
Ham,NNP,ham
Haman,NNP,haman
Hamath,NNP,hamath
Hamilton,NNP,hamilton
Hamlet,NNP,hamlet
Hammedatha,NNP,hammedatha
Hamor,NNP,hamor
Hampshire,NNP,hampshire
Hanameel,NNP,hanameel
Hanan,NNP,hanan
Hananeel,NNP,hananeel
Hananiah,NNP,hananiah
Hananus,NNP,hanani
Hand,NNP,hand
Hand,NNPS,hands
Hand,NNS,hands
Hand,VB,hand
Hang,VB,hang
Hannah,NNP,hannah
Hanoch,NNP,hanoch
Hanover,NNP,hanover
Hanun,NNP,hanun
Haply,NNP,haply
Haply,RB,haply
Happily,RB,happily
Happy,JJ,happy
Happy,NNP,happy
Har,NNP,har
Haran,NNP,haran
Hararite,NNP,hararite
Harbor,NNP,harbor
Hardly,RB,hardly
Hardy,JJ,hardy
Hardy,NNP,hardy
Hare,NNP,hare
Harim,NNP,harim
Hark,NNP,hark
Harley,NNP,harley
Harpooneer,NNP,harpooneer
Harriet,NNP,harriet
Harris,NNP,harris
Harrogate,NNP,harrogate
Harry,NNP,harry
Hart,NNP,hart
Hartfield,NNP,hartfield
Harvey,NNP,harvey
Harville,NNP,harville
Harville,NNPS,harvilles
Hashabiah,NNP,hashabiah
Hashub,NNP,hashub
Hashum,NNP,hashum
Hast,NN,hast
Hast,NNP,hast
Haste,NNP,haste
Hatach,NNP,hatach
Hath,NN,hath
Hath,NNP,hath
Hatter,NNP,hatter
Hattush,NNP,hattush
Haue,NN,haue
Haue,NNP,haue
Haul,NNP,haul
Have,VB,have
Have,VBD,had
Have,VBG,having
Have,VBP,have
Have,VBZ,has
Havilah,NNP,havilah
Hawker,NNP,hawker
Hawkins,NNP,hawkins
Hayter,NNP,hayter
Hayter,NNPS,hayters
Hazael,NNP,hazael
Hazarenan,NNP,hazarenan
Hazarshual,NNP,hazarshual
Hazeroth,NNP,hazeroth
Hazor,NNP,hazor
Head,NNP,head
Header,NNP,header
Health,NNP,health
Hear,NNP,hear
Hear,VB,hear
Hear,VBD,heard
Hear,VBG,hearing
Hear,VBP,hear
Heard,NNP,heard
Heare,VB,heare
Hearest,NNP,hearest
Hearke,NNP,hearke
Hearken,NNP,hearken
Heart,NN,heart
Heart,NNP,heart
Heart,NNPS,hearts
Hearty,NNP,hearty
Heauen,NNP,heauen
Heauen,NNPS,heauens
Heauen,NNS,heauens
Heaven,NNP,heaven
Heaven,NNPS,heavens
Heavenly,NNP,heavenly
Heber,NNP,heber
Hebrew,JJ,hebrew
Hebrew,NNP,hebrew
Hebrew,NNPS,hebrews
Hebron,NNP,hebron
Hebronite,NNPS,hebronites
Hecuba,NNP,hecuba
Hedwig,NNP,hedwig
Hee,NNP,hee
Heere,NNP,heere
Heere,RB,heere
Heidelburgh,NNP,heidelburgh
Heiligwaldenstein,NNP,heiligwaldenstein
Heir,NN,heir
Heir,NNP,heir
Helez,NNP,helez
Hell,NNP,hell
Helm,NNP,helm
Helon,NNP,helon
Help,VB,help
Helpe,NNP,helpe
Heman,NNP,heman
Hen,NNP,hen
Henadad,NNP,henadad
Hence,RB,hence
Henceforth,NNP,henceforth
Henceforth,RB,henceforth
Henrietta,NNP,henrietta
Henry,NNP,henry
Hepher,NNP,hepher
Herculaneum,NNP,herculaneum
Hercule,NNS,hercules
Hercules,NNP,hercules
Here,RB,here
Hereafter,NNP,hereafter
Hereby,NNP,hereby
Herein,NNP,herein
Hermes,NNP,hermes
Hermon,NNP,hermon
Herod,NNP,herod
Herodia,NNP,herodias
Herr,NNP,herr
Heshbon,NNP,heshbon
Hesperian,JJ,hesperian
Heth,NNP,heth
Hew,NNP,hew
Hezekiah,NNP,hezekiah
Hezron,NNP,hezron
Hickory,NNP,hickory
Hide,VB,hide
High,JJ,high
High,JJS,highest
High,NNP,high
High,RB,high
Highbury,NNP,highbury
Highest,NNP,highest
Highland,NNP,highland
Highlander,NNP,highlander
Highnesse,NNP,highnesse
Hilkiah,NNP,hilkiah
Hill,NNP,hill
Him,NNP,him
Hin,NNP,hin
Hindoo,NNP,hindoo
Hinnom,NNP,hinnom
Hiram,NNP,hiram
Hirsch,NNP,hirsch
History,NN,history
Hither,NN,hither
Hitherto,NNP,hitherto
Hittite,NNP,hittite
Hittite,NNPS,hittites
Hivite,NNP,hivite
Hivite,NNPS,hivites
Ho,NNP,ho
Hodge,NNP,hodges
Hodijah,NNP,hodijah
Hoglah,NNP,hoglah
Hold,VB,hold
Hold,VBG,holding
Hold,VBN,held
Holding,NNP,holding
Holland,NNP,holland
Holy,JJ,holy
Holy,NNP,holy
Honest,NNP,honest
Honesty,NNP,honesty
Honor,NNP,honor
Honor,NNS,honors
Honour,NNP,honour
Honourable,JJ,honourable
Hood,NNP,hood
Hope,NNP,hope
Hophnus,NNP,hophni
Hopkins,NNP,hopkins
Hor,NNP,hor
Hora,NNP,hora
Horatio,NNP,horatio
Horeb,NNP,horeb
Hori,NNP,hori
Hormah,NNP,hormah
Horn,NNP,horn
Horonaim,NNP,horonaim
Horrible,JJ,horrible
Horse,NNP,horse
Horse,NNS,horses
Hosah,NNP,hosah
Hosanna,NNP,hosanna
Hosea,NNP,hosea
Hoshea,NNP,hoshea
Hostesse,NNP,hostesse
House,NNP,house
Hover,VBG,hovering
Howbeit,NNP,howbeit
However,RB,however
Howl,NNP,howl
Hudson,NNP,hudson
Hull,NNP,hull
Hum,NNP,hum
Human,JJ,human
Human,NNP,human
Hung,NNP,hung
Hunter,NNP,hunter
Hur,NNP,hur
Huram,NNP,huram
Huron,NNP,huron
Hurrah,NNP,hurrah
Husband,NNP,husband
Husband,NNS,husbands
Hush,JJ,hush
Husham,NNP,husham
Hushathite,NNP,hushathite
Hushaus,NNP,hushai
Hushim,NNP,hushim
Hussey,NNP,hussey
Hutton,NNP,hutton
Huzz,RB,huzza
Huzza,NNP,huzza
Hymen,NNP,hymen
I,NN,i
I,NNP,i
I'll,NNP,i'll
II,NNP,ii
III,NNP,iii
IT,NN,it
IV,NN,iv
IV,NNP,iv
IX,NNP,ix
Iconium,NNP,iconium
Iddo,NNP,iddo
Ide,NNPS,ides
Idea,NNP,idea
Idumea,NNP,idumea
Ile,NNP,ile
Ill,JJ,ill
Illinois,NNP,illinois
Illustration,NN,illustration
Illustrious,JJ,illustrious
Illustrious,NNP,illustrious
Image,NN,image
Immediately,RB,immediately
Immense,NNP,immense
Immer,NNP,immer
Impossible,JJ,impossible
Improvisatore,NNP,improvisatore
Indeed,RB,indeed
India,NNP,india
Indian,JJ,indian
Indian,NNP,indian
Indian,NNPS,indians
Indiana,NNP,indiana
Indies,NNP,indies
Infinite,NNP,infinite
Inn,NNP,inn
Innumerable,NNP,innumerable
Inspector,NNP,inspector
Instantly,RB,instantly
Instead,RB,instead
Instrument,NNP,instrument
Instrument,NNPS,instruments
Iowa,NNP,iowa
Ioy,NNP,ioy
Ira,NNP,ira
Ireland,NNP,ireland
Irish,JJ,irish
Iron,NNP,iron
Is't,NNP,is't
Isaac,NNP,isaac
Isabella,NN,isabella
Isabella,NNP,isabella
Isaiah,NNP,isaiah
Iscariot,NNP,iscariot
Ishbosheth,NNP,ishbosheth
Ishi,NNP,ishi
Ishmael,NNP,ishmael
Ishmeelite,NNPS,ishmeelites
Island,NNP,island
Island,NNPS,islands
Islander,NNPS,islanders
Isle,NNP,isle
Isle,NNPS,isles
Israel,NNP,israel
Israelite,NNP,israelite
Israelite,NNPS,israelites
Israelitish,JJ,israelitish
Issachar,NNP,issachar
Italian,JJ,italian
Italian,NNP,italian
Italian,NNPS,italians
Italy,NNP,italy
Ithamar,NNP,ithamar
Ithrite,NNP,ithrite
Ittai,NNP,ittai
Iudgement,NNP,iudgement
Iulius,NNP,iulius
Iustice,NNP,iustice
Izhar,NNP,izhar
JEHOVAH,NNP,jehovah
JESUS,NNP,jesus
JEW,NNP,jews
JOHN,NNP,john
Jaalam,NNP,jaalam
Jaazaniah,NNP,jaazaniah
Jabbok,NNP,jabbok
Jabesh,NNP,jabesh
Jabeshgilead,NNP,jabeshgilead
Jabez,NNP,jabez
Jabin,NNP,jabin
Jachin,NNP,jachin
Jack,NNP,jack
Jackal,NNP,jackal
Jacob,NNP,jacob
Jael,NNP,jael
Jahath,NNP,jahath
Jahaz,NNP,jahaz
Jahaziel,NNP,jahaziel
Jair,NNP,jair
James,NNP,james
Jamin,NNP,jamin
Jane,NNP,jane
Januarius,NNP,januarius
January,NNP,january
Japan,NNP,japan
Japanese,JJ,japanese
Japheth,NNP,japheth
Japhia,NNP,japhia
Jared,NNP,jared
Jarmuth,NNP,jarmuth
Jason,NNP,jason
Jattir,NNP,jattir
Java,NNP,java
Javan,NNP,javan
Jay,NNP,jay
Jazer,NNP,jazer
Jebus,NNP,jebus
Jebusite,NNP,jebusite
Jebusite,NNPS,jebusites
Jeconiah,NNP,jeconiah
Jedaiah,NNP,jedaiah
Jediael,NNP,jediael
Jeduthun,NNP,jeduthun
Jehiel,NNP,jehiel
Jehoahaz,NNP,jehoahaz
Jehoash,NNP,jehoash
Jehohanan,NNP,jehohanan
Jehoiachin,NNP,jehoiachin
Jehoiada,NNP,jehoiada
Jehoiakim,NNP,jehoiakim
Jehoram,NNP,jehoram
Jehoshaphat,NNP,jehoshaphat
Jehovah,NNP,jehovah
Jehozabad,NNP,jehozabad
Jehu,NNP,jehu
Jeiel,NNP,jeiel
Jem,NNP,jem
Jemima,NNP,jemima
Jenning,NNP,jennings
Jenny,NNP,jenny
Jephthah,NNP,jephthah
Jephunneh,NNP,jephunneh
Jerahmeel,NNP,jerahmeel
Jeremiah,NNP,jeremiah
Jeremoth,NNP,jeremoth
Jeremy,NNP,jeremy
Jericho,NNP,jericho
Jerimoth,NNP,jerimoth
Jeroboam,NNP,jeroboam
Jeroham,NNP,jeroham
Jerry,NNP,jerry
Jersey,NNP,jersey
Jerubbaal,NNP,jerubbaal
Jerusalem,NNP,jerusalem
Jeshaiah,NNP,jeshaiah
Jeshimon,NNP,jeshimon
Jeshua,NNP,jeshua
Jesse,NNP,jesse
Jesus,NNP,jesus
Jether,NNP,jether
Jethro,NNP,jethro
Jeush,NNP,jeush
Jew,NNP,jew
Jew,NNPS,jews
Jezebel,NNP,jezebel
Jezreel,NNP,jezreel
Jezreelite,NNP,jezreelite
Jezreelitess,NNP,jezreelitess
Jimmy,NNP,jimmy
Joab,NNP,joab
Joah,NNP,joah
Joash,NNP,joash
Job,NNP,job
Jobab,NNP,jobab
Joe,NNP,joe
Joel,NNP,joel
Johanan,NNP,johanan
John,NNP,john
Johnny,NNP,johnny
Johnson,NNP,johnson
Joiada,NNP,joiada
Joiakim,NNP,joiakim
Joiarib,NNP,joiarib
Jokneam,NNP,jokneam
Jokshan,NNP,jokshan
Joktan,NNP,joktan
Jona,NNP,jonas
Jonadab,NNP,jonadab
Jonah,NNP,jonah
Jonathan,NNP,jonathan
Jones,NNP,jones
Joppa,NNP,joppa
Joram,NNP,joram
Jordan,NNP,jordan
Jose,NNP,joses
Josedech,NNP,josedech
Joseph,NNP,joseph
Joshua,NNP,joshua
Josiah,NNP,josiah
Jotham,NNP,jotham
Jove,NNP,jove
Joy,NNP,joy
Joy,NNS,joys
Jozabad,NNP,jozabad
Jozadak,NNP,jozadak
Juda,NNP,juda
Judaea,NNP,judaea
Judah,NNP,judah
Judas,NNP,judas
Judge,NNP,judge
Judge,VB,judge
Judgment,NNP,judgment
Juliet,NNP,juliet
July,NNP,july
June,NNP,june
Jungfrau,NNP,jungfrau
Jupiter,NNP,jupiter
Just,RB,just
Justice,NNP,justice
KING,NN,king
KING,NNP,king
KNOW,VBP,know
Kadesh,NNP,kadesh
Kadeshbarnea,NNP,kadeshbarnea
Kadmiel,NNP,kadmiel
Kanada,NNP,kanada
Kansas,NNP,kansas
Kareah,NNP,kareah
Kedar,NNP,kedar
Kedemoth,NNP,kedemoth
Kedesh,NNP,kedesh
Keep,VB,keep
Keep,VBG,keeping
Keilah,NNP,keilah
Kellynch,NNP,kellynch
Kenaz,NNP,kenaz
Kenite,NNP,kenite
Kenite,NNPS,kenites
Kensington,NNP,kensington
Kent,NNP,kent
Kentucky,NNP,kentucky
Keturah,NNP,keturah
Kibrothhattaavah,NNP,kibrothhattaavah
Kidd,NNP,kidd
Kidron,NNP,kidron
Kin,NNP,kin
King,NN,king
King,NNP,king
King,NNS,kings
Kingdome,NNP,kingdome
Kingston,NNP,kingston
Kir,NNP,kir
Kiriathaim,NNP,kiriathaim
Kirjatharba,NNP,kirjatharba
Kirjathjearim,NNP,kirjathjearim
Kirjathsepher,NNP,kirjathsepher
Kish,NNP,kish
Kishon,NNP,kishon
Knave,NNP,knave
Knew,NNP,knew
Knightley,NNP,knightley
Knock,NNP,knock
Knocke,NNP,knocke
Know,NNP,know
Know,VB,know
Know,VBG,knowing
Knowest,NNP,knowest
Knowledge,NNP,knowledge
Kohath,NNP,kohath
Kohathite,NNPS,kohathites
Korah,NNP,korah
Kore,NNP,kore
Korhite,NNPS,korhites
Koz,NNP,koz
LADY,NNP,lady
LAVE,NNP,lave
LAY,NNP,lay
LITTLE,JJ,little
LITTLE,NN,little
LITTLE,NNP,little
LORD,NNP,lord
LORD,NNS,lord
LOSE,VBD,lost
LUCK,NNP,luck
LUCKY,NNP,lucky
La,NNP,la
Laadan,NNP,laadan
Laban,NNP,laban
Labour,NNP,labour
Labrador,NNP,labrador
Lachish,NNP,lachish
Laconia,NNP,laconia
Lady,NNP,lady
Lady,NNS,ladies
Laer,NNP,laer
Laerte,NNP,laertes
Laish,NNP,laish
Lakeman,NNP,lakeman
Lamb,NNP,lamb
Lamech,NNP,lamech
Lancy,NNP,lancy
Land,NN,land
Land,NNP,land
Land,NNS,lands
Landlady,JJ,landlady
Landlady,NNP,landlady
Landlord,NNP,landlord
Lane,NNP,lane
Langsdorff,NNP,langsdorff
Laodicea,NNP,laodicea
Lark,NNP,lark
Lark,NNPS,larks
Larkin,NNP,larkins
Last,JJ,last
Latin,JJ,latin
Latin,NNP,latin
Laughing,NNP,laughing
Laurum,NNP,laura
Law,NNP,law
Lawrence,NNP,lawrence
Lay,NNP,lay
Lazarus,NNP,lazarus
Lazy,NNP,lazy
Le,RB,lest
Lead,VBN,led
Lead,VBZ,leads
Leah,NNP,leah
Leave,NNPS,leaves
Leave,VB,leave
Leave,VBD,left
Leave,VBG,leaving
Leave,VBN,left
Lebanon,NNP,lebanon
Lee,NNP,lee
Legion,NNP,legion
Legion,NNPS,legions
Leicester,NNP,leicester
Len,NNP,len
Lenox,NNP,lenox
Leo,NNP,leo
Leonora,NNP,leonora
Lepidus,NNP,lepidus
Less,RBR,less
Lesson,NNP,lesson
Lest,NNP,lest
Let,VB,let
Let,VBP,let
Letter,NNP,letter
Letter,NNPS,letters
Letter,NNS,letters
Levi,NNP,levi
Leviathan,NNP,leviathan
Leviathan,NNPS,leviathans
Levite,NNP,levite
Levite,NNPS,levites
Libertad,NNP,libertad
Liberty,NNP,liberty
Libnah,NNP,libnah
Libnus,NNP,libni
Lie,VB,lay
Liege,NNP,liege
Life,NN,life
Life,NNP,life
Lift,NNP,lift
Lift,VB,lift
Ligarius,NNP,ligarius
Light,NN,light
Light,NNP,light
Lightfoot,NNP,lightfoot
Lightning,NNP,lightning
Likewise,RB,likewise
Lima,NNP,lima
Line,NN,line
Linnaeus,NNP,linnaeus
Lion,NNP,lion
Listen,VB,listen
Literary,NNP,literary
Little,JJ,little
Little,NNP,little
Livy,NNP,livy
Lizard,NNP,lizard
Lo,NNP,lo
Lobster,NNP,lobster
Lod,NNP,lod
Lodge,NNP,lodge
London,NNP,london
Long,JJ,long
Long,NNP,long
Long,RB,long
Long,RBR,longer
Longstaple,NNP,longstaple
Look,VB,look
Look,VBG,looking
Look,VBZ,looks
Looke,JJ,looke
Looke,NNP,looke
Looke,VBD,looke
Loose,NNP,loose
Lord,NNP,lord
Lord,NNPS,lords
Lordship,NN,lordship
Lory,NNP,lory
Lose,VBN,lost
Lot,NNP,lot
Lotan,NNP,lotan
Loud,NNP,loud
Loue,NNP,loue
Louis,NNP,louis
Louisa,NNP,louisa
Louisiana,NNP,louisiana
Loup,NNP,loup
Love,NN,love
Love,NNP,love
Love,VB,love
Loveit,NNP,loveit
Low,JJ,low
Low,NNP,low
Lower,VB,lower
Luc,NNP,luc
Lucifer,NNP,lucifer
Lucil,NNP,lucil
Lucillius,NNP,lucillius
Lucius,NNP,lucius
Lucky,JJ,lucky
Lucy,NNP,lucy
Lud,NNP,lud
Ludgate,NNP,ludgate
Lust,NNP,lust
Luz,NNP,luz
Lyca,NNP,lyca
Lye,NNP,lye
Lyme,NNP,lyme
Lyon,NNP,lyon
Lystrum,NNP,lystra
MAN,NNP,man
ME,NNP,me
MORE,JJR,more
MR,NNP,mr
MY,NNP,my
Ma'am,NNP,ma'am
Maachah,NNP,maachah
Maachathite,NNP,maachathite
Maachathite,NNPS,maachathites
Maaseiah,NNP,maaseiah
Mabel,NNP,mabel
Mac,NNP,mac
Macb,NN,macb
Macb,NNP,macb
Macbeth,NNP,macbeth
Macd,NNP,macd
Macduff,NNP,macduff
Macduffe,NNP,macduffe
Macedonia,NNP,macedonia
Macey,NNP,macey
Machine,NNP,machine
Machir,NNP,machir
Machpelah,NNP,machpelah
Macian,NN,macian
Macian,NNP,macian
Macnab,NNP,macnab
Mad,JJ,mad
Madam,NNP,madam
Madame,NNP,madame
Madeleine,NNP,madeleine
Madnesse,NNP,madnesse
Madrid,NNP,madrid
Magdalen,NNP,magdalen
Magdalene,NNP,magdalene
Maggie,NNP,maggie
Magna,NNP,magna
Magog,NNP,magog
Mahalaleel,NNP,mahalaleel
Mahanaim,NNP,mahanaim
Mahlah,NNP,mahlah
Mahli,NNP,mahli
Mahlon,NNP,mahlon
Maid,NNP,maid
Maiden,NNP,maidens
Maiestie,NNP,maiestie
Maiesty,NNP,maiesty
Maine,NNP,maine
Majesty,NNP,majesty
Major,NNP,major
Make,VB,make
Make,VBG,making
Make,VBN,made
Make,VBP,make
Make,VBZ,makes
Maker,NNP,maker
Makkedah,NNP,makkedah
Mal,NNP,mal
Malc,NNP,malc
Malchiah,NNP,malchiah
Malchijah,NNP,malchijah
Malcolme,NNP,malcolme
Malluch,NNP,malluch
Malvoli,NNP,malvoli
Mamma,NNP,mamma
Mammon,NNP,mammon
Mammy,NNP,mammy
Mamre,NNP,mamre
Man,NN,man
Man,NNP,man
Man,NNS,men
Manasseh,NNP,manasseh
Manchester,NNP,manchester
Manchon,NNP,manchon
Manet,NNP,manet
Manhattan,NNP,manhattan
Manilla,NNP,manilla
Mankind,NNP,mankind
Mannahatta,NNP,mannahatta
Manoah,NNP,manoah
Manor,NNP,manor
Mansion,NNP,mansion
Manxman,NNP,manxman
Many,JJ,many
Maon,NNP,maon
Maple,NNP,maple
Mapple,NNP,mapple
Mar,NNP,mars
Marah,NNP,marah
Marcellus,NNP,marcellus
March,NNP,march
Marcus,NNP,marcus
Mareshah,NNP,mareshah
Margaret,NNP,margaret
Margate,NNP,margate
Margery,NN,margery
Margery,NNP,margery
Marianne,NNP,marianne
Mark,NNP,mark
Mark,VB,mark
Marke,NNP,marke
Market,NNP,market
Marlborough,NNP,marlborough
Marquis,NNP,marquis
Marriage,NNP,marriage
Marry,NNP,marry
Marry,VB,marry
Martha,NNP,martha
Martin,NNP,martin
Martin,NNPS,martins
Mary,NNP,mary
Mass,NNP,mass
Massa,NNP,massa
Massachusetts,NNP,massachusetts
Massah,NNP,massah
Masse,NNP,masse
Master,NNP,master
Mattaniah,NNP,mattaniah
Matter,NNP,matter
Matthew,NNP,matthew
Mattithiah,NNP,mattithiah
Maurice,NNP,maurice
May,NNP,may
Maybe,RB,maybe
Mayhew,NNP,mayhew
Mayor,NNP,mayor
Me,VB,mes
Meadow,NNPS,meadows
Mean,VB,mean
Meantime,RB,meantime
Meanwhile,RB,meanwhile
Mecca,NNP,mecca
Mede,NNP,medes
Medeba,NNP,medeba
Mediterranean,NNP,mediterranean
Medium,NNP,media
Meet,VB,meet
Meet,VBZ,meets
Megiddo,NNP,megiddo
Melchisedec,NNP,melchisedec
Memory,NNP,memory
Men,NNPS,men
Menahem,NNP,menahem
Ment,NNP,ment
Mephaath,NNP,mephaath
Mephibosheth,NNP,mephibosheth
Meraioth,NNP,meraioth
Merari,NNP,merari
Merciful,JJ,merciful
Mercy,NN,mercy
Mercy,NNP,mercy
Meremoth,NNP,meremoth
Meribah,NNP,meribah
Meribbaal,NNP,meribbaal
Merlin,NNP,merlin
Merrily,RB,merrily
Merry,NNP,merry
Mesha,NNP,mesha
Meshach,NNP,meshach
Meshech,NNP,meshech
Meshelemiah,NNP,meshelemiah
Meshullam,NNP,meshullam
Mesopotamia,NNP,mesopotamia
Mesopotamian,JJ,mesopotamian
Messa,NNP,messa
Messala,NNP,messala
Messenger,NNP,messenger
Messiah,NNP,messiah
Met,NNP,met
Metellus,NNP,metellus
Methink,NNS,methinks
Methuselah,NNP,methuselah
Mettle,NNP,mettle
Mexican,JJ,mexican
Mexico,NNP,mexico
Micah,NNP,micah
Micaiah,NNP,micaiah
Micha,NNP,micha
Michael,NNP,michael
Michaelma,NNP,michaelmas
Michaiah,NNP,michaiah
Michal,NNP,michal
Michigan,NNP,michigan
Michmash,NNP,michmash
Mid,NNP,mid
Middle,NNP,middle
Middleton,NNP,middleton
Middleton,NNPS,middletons
Midian,NNP,midian
Midianite,NNPS,midianites
Midnight,NNP,midnight
Midsummer,NNP,midsummer
Migdol,NNP,migdol
Mighty,NNP,mighty
Mikloth,NNP,mikloth
Milcah,NNP,milcah
Milke,NNP,milke
Mill,NNP,mill
Millions,NNS,millions
Millo,NNP,millo
Milsom,NNP,milsom
Mind,VB,mind
Minde,NNP,minde
Mine,JJ,mine
Mine,NN,mine
Mine,NNP,mine
Minister,NNP,minister
Mink,NNP,mink
Miriam,NNP,miriam
Mirth,NNP,mirth
Mishael,NNP,mishael
Mishma,NNP,mishma
Miss,NNP,miss
Mississippi,NNP,mississippi
Missouri,NNP,missouri
Mistri,NNP,mistris
Mix,VBN,mixed
Mizpah,NNP,mizpah
Mizpeh,NNP,mizpeh
Mizraim,NNP,mizraim
Moab,NNP,moab
Moabite,NNPS,moabites
Moabitess,NNP,moabitess
Moby,NNP,moby
Mock,NNP,mock
Modern,NNP,modern
Mogul,NNP,mogul
Moladah,NNP,moladah
Molech,NNP,molech
Moloch,NNP,moloch
Monday,NNP,monday
Money,NN,money
Monkey,NNP,monkey
Monkford,NNP,monkford
Monsieur,NNP,monsieur
Montague,NNP,montague
Montano,NNP,montano
Montem,NNP,montem
Moon,NNP,moon
Moone,NNP,moone
Mordecai,NNP,mordecai
Mordecai,NNPS,mordecai
More,JJR,more
Moreh,NNP,moreh
Moreover,NNP,moreover
Moreover,RB,moreover
Morn,NNP,morn
Morning,NN,morning
Morton,NNP,morton
Moses,NNP,moses
Moss,NNP,moss
Most,JJS,most
Mother,NN,mother
Mother,NNP,mother
Mount,NNP,mount
Mountain,NNP,mountain
Mountain,NNPS,mountains
Mountaine,NNP,mountaine
Mounttop,NNP,mounttop
Mouse,NNP,mouse
Moza,NNP,moza
Mr,NNP,mr
Much,JJ,much
Much,RB,much
Much,RBR,more
Much,RBS,most
Mull,NNP,mull
Mur,NNP,mur
Murder,NN,murder
Murther,NNP,murther
Muscari,NNP,muscari
Muse,NNP,muse
Museum,NNP,museum
Musgrove,NNP,musgrove
Musgrove,NNPS,musgroves
Mushi,NNP,mushi
Music,NNP,music
Musicke,NNP,musicke
Muskrat,NNP,muskrat
Mutiny,NNP,mutiny
NANTUCKET,NNP,nantucket
NEW,JJ,new
NOT,RB,not
NOW,RB,now
NUEE,NNP,nuee
NUTT,NNP,nutt
Naamah,NNP,naamah
Naaman,NNP,naaman
Naamathite,NNP,naamathite
Nabal,NNP,nabal
Naboth,NNP,naboth
Nadab,NNP,nadab
Nahash,NNP,nahash
Nahath,NNP,nahath
Nahor,NNP,nahor
Nahshon,NNP,nahshon
Naioth,NNP,naioth
Name,NN,name
Name,VB,name
Nancy,NNP,nancy
Nantucket,NNP,nantucket
Nantucketer,NNP,nantucketer
Nantucketer,NNPS,nantucketers
Naomi,NNP,naomi
Naphtalus,NNP,naphtali
Naples,NNP,naples
Napoleon,NNP,napoleon
Narwhale,NNP,narwhale
Nash,NNP,nash
Nathan,NNP,nathan
Nathanael,NNP,nathanael
Nation,NN,nation
Native,JJ,native
Natural,JJ,natural
Natural,NNP,natural
Naturall,NNP,naturall
Nature,NN,nature
Nature,NNP,nature
Nay,NNP,nay
Nazareth,NNP,nazareth
Nazarite,NNP,nazarite
Neapolitan,JJ,neapolitan
Nearly,RB,nearly
Nebat,NNP,nebat
Nebo,NNP,nebo
Nebraska,NNP,nebraska
Nebuchadnezzar,NNP,nebuchadnezzar
Nebuchadrezzar,NNP,nebuchadrezzar
Nebuzaradan,NNP,nebuzaradan
Ned,NNP,ned
Nehemiah,NNP,nehemiah
Neith,RB,neither
Nekoda,NNP,nekoda
Nelson,NNP,nelson
Nepheg,NNP,nepheg
Ner,NNP,ner
Neriah,NNP,neriah
Nethaneel,NNP,nethaneel
Nethaniah,NNP,nethaniah
Nethinim,NNPS,nethinims
Netophathite,NNP,netophathite
Neuer,NNP,neuer
Never,RB,never
Nevertheless,NNP,nevertheless
Nevertheless,RB,nevertheless
New,JJ,new
New,NNP,new
Newe,NNP,newes
Newington,NNP,newington
Next,JJ,next
Next,NNP,next
Niagara,NNP,niagara
Nicodemus,NNP,nicodemus
Niger,NNP,niger
Nigger,NNP,nigger
Nigh,NNP,nigh
Night,NN,night
Night,NNP,night
Night,NNPS,nights
Nightingale,NNP,nightingale
Nile,NNP,nile
Nimrod,NNP,nimrod
Nimshus,NNP,nimshi
Nineveh,NNP,nineveh
No,NN,no
No,RB,no
Noah,NNP,noah
Nob,NNP,nob
Noble,JJ,noble
Noble,NNP,noble
Noblest,NNP,noblest
Nobody,NN,nobody
Noe,NNP,noe
None,NN,none
None,NNP,none
Nonsense,NN,nonsense
Noph,NNP,noph
Norland,NNP,norland
North,NNP,north
Northern,JJ,northern
Northern,NNP,northern
Norway,NNP,norway
Norwegian,JJ,norwegian
Norwey,NNP,norwey
Nose,NNP,nose
Not,RB,not
Nothing,NN,nothing
Notwithstanding,NNP,notwithstanding
November,NNP,november
Now,RB,now
Number,NNP,number
Nun,NNP,nun
Nunnery,NNP,nunnery
Nutt,NNP,nutt
O,NN,o
O,NNP,o
O'RYAN,NNS,o'ryan
O'e,JJ,o'er
O'er,NNP,o'er
O'neill,NNP,o'neill
O'ryan,NNP,o'ryan
OCTAVO,NNP,octavo
OLD,JJ,old
OLD,NNP,old
ON,NNP,on
OTH,JJ,other
OUT,RB,out
Oakly,NNP,oakly
Oakly,RB,oakly
Obadiah,NNP,obadiah
Obed,NNP,obed
Obededom,NNP,obededom
Obedience,NNP,obedience
Obey,NNP,obey
Oboth,NNP,oboth
Ocean,NNP,ocean
Ocran,NNP,ocran
Octauius,NNP,octauius
October,NNP,october
Octum,NNS,octa
Odin,NNP,odin
Of,RB,of
Off,RB,off
Office,NNP,office
Office,NNS,offices
Offspring,NN,offspring
Oft,NNP,oft
Often,RB,often
Og,NNP,og
Ohio,NNP,ohio
Old,JJ,old
Old,NNP,old
Olive,NNPS,olives
Oliver,NNP,oliver
Olympus,NNP,olympus
Oman,NNP,oman
Omega,NNP,omega
Omnipotence,NNP,omnipotence
Omnipotent,NNP,omnipotent
Omri,NNP,omri
Onam,NNP,onam
Onan,NNP,onan
Once,RB,once
One,NN,one
One,NNP,one
One',NNP,one's
Onely,RB,onely
Only,JJ,only
Only,RB,only
Ono,NNP,ono
Ontario,NNP,ontario
Open,JJ,open
Open,NNP,open
Open,VB,open
Open,VBG,opening
Ophe,NNP,ophe
Ophel,NNP,ophel
Ophelia,NNP,ophelia
Ophir,NNP,ophir
Ophrah,NNP,ophrah
Orchard,NNP,orchard
Order,NN,order
Oreb,NNP,oreb
Oregon,NNP,oregon
Oriental,JJ,oriental
Orion,NNP,orion
Orleans,NNP,orleans
Ornan,NNP,ornan
Osr,NNP,osr
Osricke,NNP,osricke
Oth,JJ,other
Other,NNS,others
Otherwise,RB,otherwise
Othniel,NNP,othniel
Otter,NNP,otter
Otto,NNP,otto
Otway,NNP,otway
Out,RB,out
Owen,NNP,owen
Owl,NNP,owl
Owle,NNP,owle
Oxford,NNP,oxford
PIP,NNP,pip
PROJECT,NNP,project
Pacific,NNP,pacific
Padanaram,NNP,padanaram
Pagan,NNP,pagan
Page,NN,page
Pagiel,NNP,pagiel
Pahathmoab,NNP,pahathmoab
Pale,NNP,pale
Pallu,NNP,pallu
Palme,NNP,palme
Palmer,NNP,palmer
Palmer,NNPS,palmers
Pamphylia,NNP,pamphylia
Pan,NNP,pan
Panado,NNP,panado
Papa,VB,papa
Paradise,NNP,paradise
Paran,NNP,paran
Pardon,NNP,pardon
Pardon,VB,pardon
Paris,NNP,paris
Park,NNP,park
Parkinson,NNP,parkinson
Parliament,NNP,parliament
Parosh,NNP,parosh
Parsee,NNP,parsee
Part,NN,part
Pashur,NNP,pashur
Pass,VB,pass
Pass,VBG,passing
Pass,VBN,passed
Passage,NN,passage
Passion,NN,passion
Passion,NNP,passion
Past,NN,past
Pasture,NNP,pasture
Patagonian,JJ,patagonian
Pathro,NNP,pathros
Patient,NNP,patient
Patrick,NNP,patrick
Patty,NNP,patty
Paul,NNP,paul
Paumanok,NNP,paumanok
Peace,NN,peace
Peace,NNP,peace
Pedahzur,NNP,pedahzur
Pedaiah,NNP,pedaiah
Pedro,NNP,pedro
Peggy,NNP,peggy
Pekah,NNP,pekah
Pelatiah,NNP,pelatiah
Peleg,NNP,peleg
Pelethite,NNPS,pelethites
Pendragon,NNP,pendragon
Pendragon,NNPS,pendragons
Pennsylvania,NNP,pennsylvania
Pensive,NNP,pensive
Penuel,NNP,penuel
People,NNPS,people
People,NNS,people
Peor,NNP,peor
Pequod,NNP,pequod
Peradventure,NN,peradventure
Perfectly,RB,perfectly
Perfume,NNP,perfume
Perhaps,RB,perhaps
Perizzite,NNP,perizzite
Perizzite,NNPS,perizzites
Perry,NNP,perry
Perry,VB,perry
Perseus,NNP,perseus
Persia,NNP,persia
Persian,JJ,persian
Persian,NNP,persian
Persian,NNPS,persians
Personality,NN,personality
Perth,NNP,perth
Peru,NNP,peru
Peter,NNP,peter
Pethahiah,NNP,pethahiah
Phantom,NNP,phantom
Pharaoh,NNP,pharaoh
Pharaohnechoh,NNP,pharaohnechoh
Pharez,NNP,pharez
Pharisee,NNP,pharisee
Pharisee,NNPS,pharisees
Philadelphia,NNP,philadelphia
Philip,NNP,philip
Philippus,NNP,philippi
Philistine,NNP,philistines
Philistine,NNPS,philistines
Phineha,NNP,phinehas
Phoo,NNP,phoo
Phrase,NNP,phrase
Piccola,NNP,piccola
Picture,NN,picture
Picture,NNPS,pictures
Piedro,NNP,piedro
Piercefield,NNP,piercefield
Pigeon,NNP,pigeon
Pihahiroth,NNP,pihahiroth
Pilate,NNP,pilate
Pilgrim,NNP,pilgrim
Pindaru,NNP,pindarus
Pioneer,NNS,pioneers
Pip,NNP,pip
Pip,RB,pip
Pipe,NNP,pipe
Pirathonite,NNP,pirathonite
Pisgah,NNP,pisgah
Pit,NNP,pit
Pity,NNP,pity
Place,NNP,place
Plain,NNPS,plains
Plato,NNP,plato
Play,NN,play
Play,NNP,play
Play,VB,play
Player,NNP,player
Player,NNPS,players
Player,NNS,players
Pleas',VB,pleas'd
Plebeian,NNPS,plebeians
Pliny,NNP,pliny
Plucke,NNP,plucke
Plymouth,NNP,plymouth
Poet,NN,poet
Poet,NNP,poet
Poet,NNS,poets
Point,NNP,point
Pol,NNP,pol
Poland,NNP,poland
Polar,NNP,polar
Pole,NNP,pole
Polon,NN,polon
Polon,NNP,polon
Polonius,NNP,polonius
Pomfret,NNP,pomfret
Pompey,NNP,pompey
Pompeye,NNP,pompeyes
Pond,NN,pond
Pontius,NNP,pontius
Pontu,NNP,pontus
Pooh,NNP,pooh
Pool,NNP,pool
Pooley,NNP,pooley
Poor,JJ,poor
Poor,NNP,poor
Poore,NNP,poore
Pope,NNP,pope
Por,RB,por
Porpoise,NNP,porpoise
Porter,NNP,porter
Portia,NNP,portia
Portsmouth,NNP,portsmouth
Possum,NNP,possum
Post,NNP,post
Potomac,NNP,potomac
Pour,VB,pour
Pour,VBN,poured
Power,NN,power
Power,NNP,power
Power,NNPS,powers
Power,NNS,powers
Prairie,NNP,prairie
Praise,NN,praise
Praise,VB,praise
Pratt,NNP,pratt
Pray,NNP,pray
Pray,VB,pray
Preacher,NNP,preacher
Prepare,NNP,prepare
Prepare,VB,prepare
Present,NNP,present
Presently,RB,presently
President,NNP,president
Preston,NNP,preston
Pretty,JJ,pretty
Pretty,NNP,pretty
Pretty,RB,pretty
Priam,NNP,priam
Price,NN,price
Price,NNP,price
Priest,NNP,priest
Priest,NNPS,priests
Prima,NNP,prima
Prince,NNP,prince
Prince,NNS,princes
Princedom,NNP,princedoms
Print,NNP,print
Priscilla,NNP,priscilla
Prison,NNP,prison
Prisoner,NNP,prisoner
Probably,RB,probably
Proclaim,NNP,proclaim
Produce,VB,produce
Professor,NNP,professor
Project,NNP,project
Prologue,NNP,prologue
Prometheus,NNP,prometheus
Prophesy,NNP,prophesy
Prophet,NNP,prophet
Proponti,NNP,propontis
Proud,JJ,proud
Providence,NNP,providence
Prussian,JJ,prussian
Psalms,NNPS,psalms
Pshaw,NN,pshaw
Public,NNP,public
Publius,NNP,publius
Pul,NNP,pul
Pull,VB,pull
Pulpit,NNP,pulpit
Purim,NNP,purim
Put,VB,put
Put,VBG,putting
Putnam,NNP,putnam
Pyrrhus,NNP,pyrrhus
Qu,NN,qu
Qu,NNP,qu
Quadrille,NNP,quadrille
Quaker,NNP,quaker
Quartum,NNP,quarta
Quayle,NNP,quayle
Queen,NN,queen
Queen,NNP,queen
Queene,NN,queene
Queene,NNP,queene
Queequeg,NNP,queequeg
Quick,JJ,quick
Quite,JJ,quite
Quite,RB,quite
Quohog,NNP,quohog
RED,NNP,red
RIGHT,JJ,right
ROBERT,NNP,robert
Raamah,NNP,raamah
Rabbah,NNP,rabbah
Rabbi,NNP,rabbi
Rabbit,NNP,rabbit
Rabshakeh,NNP,rabshakeh
Race,NN,race
Rachel,NNP,rachel
Radney,NNP,radney
Rage,NN,rage
Rahab,NNP,rahab
Rain,NN,rain
Raise,VB,raise
Raise,VBN,raised
Ram,NNP,ram
Ramadan,NNP,ramadan
Ramah,NNP,ramah
Ramoth,NNP,ramoth
Ramothgilead,NNP,ramothgilead
Randall,NNP,randalls
Raphael,NNP,raphael
Rat,NNP,rat
Ratcliffe,NNP,ratcliffe
Rather,RB,rather
Read,VB,read
Real,JJ,real
Really,RB,really
Reason,NN,reason
Reason,NNP,reason
Reason,NNS,reasons
Rebekah,NNP,rebekah
Rebellious,NNP,rebellious
Receive,VB,receive
Rechab,NNP,rechab
Rechabite,NNPS,rechabites
Red,JJ,red
Red,NNP,red
Reddy,NNP,reddy
Redeemer,NNP,redeemer
Reformer,NNP,reformer
Regardless,RB,regardless
Rehabiah,NNP,rehabiah
Rehob,NNP,rehob
Rehoboam,NNP,rehoboam
Rehoboth,NNP,rehoboth
Rehum,NNP,rehum
Rejoice,NNP,rejoice
Rejoice,VB,rejoice
Rekem,NNP,rekem
Remaliah,NNP,remaliah
Remember,VB,remember
Remember,VBP,remember
Remove,VB,remove
Renaissance,NNP,renaissance
Renard,NNP,renard
Render,NNP,render
Repent,JJ,repent
Rephaiah,NNP,rephaiah
Rephaim,NNP,rephaim
Rephidim,NNP,rephidim
Republic,NNP,republic
Resina,NNP,resina
Rest,VB,rest
Return,NN,return
Return,NNP,return
Return,VB,return
Return,VBG,returning
Reu,NNP,reu
Reuben,NNP,reuben
Reubenite,NNPS,reubenites
Reuel,NNP,reuel
Reuenge,NNP,reuenge
Revolution,NNP,revolution
Reynol,NN,reynol
Rezin,NNP,rezin
Riblah,NNP,riblah
Rich,NNP,rich
Richard,NNP,richard
Richmond,NNP,richmond
Rid,NNP,rid
Right,JJ,right
Right,NNP,right
Right,RB,right
Righteousness,NNP,righteousness
Rimmon,NNP,rimmon
Ring,NN,ring
Ring,VBG,ring
Rio,NNP,rio
Rise,VB,rise
Rise,VBG,rising
River,NNP,rivers
Rizpah,NNP,rizpah
Road,NNP,road
Roam,VBG,roaming
Roanoke,NNP,roanoke
Robert,NNP,robert
Robin,NNP,robin
Robinson,NNP,robinson
Rock,NNP,rock
Roll,VB,roll
Rollaround,NNP,rollaround
Roman,JJ,roman
Roman,NNP,roman
Roman,NNPS,romans
Rome,NNP,rome
Romeo,NNP,romeo
Rooke,NNP,rooke
Room,NNP,room
Rory,JJ,rory
Rory,NN,rory
Rory,NNP,rory
Rosamond,NNP,rosamond
Rose,NNP,rose
Rosetta,NN,rosetta
Rosetta,NNP,rosetta
Rosin,NNP,rosin
Rosincrance,NNP,rosincrance
Ross,NNP,ross
Rosse,NNP,rosse
Rossmore,NNP,rossmore
Round,NNP,round
Round,VB,round
Royal,NNP,royal
Royall,NNP,royall
Rule,NNP,rule
Run,NNP,run
Run,VB,run
Run,VBG,running
Russell,NNP,russell
Russian,JJ,russian
Ruth,NNP,ruth
SAILOR,NNP,sailor
SCENE,NNP,scene
SHE,NNP,she
SHIP,NNP,ship
SNEEZE,NNP,sneezes
SOMETHING,NN,something
SONG,NNP,song
SPIRIT,NNP,spirit
STORY,NN,story
SYME,NNP,syme
Sabbath,NNP,sabbath
Sabean,NNPS,sabeans
Sacrifice,NNP,sacrifice
Sad,NNP,sad
Sadducee,NNPS,sadducees
Safe,JJ,safe
Saffron,NNP,saffron
Sag,NNP,sag
Sail,VB,sail
Sail,VBG,sailing
Saint,NNP,saint
Saint,NNPS,saints
Salah,NNP,salah
Salathiel,NNP,salathiel
Salem,NNP,salem
Sally,NNP,sally
Salmon,NNP,salmon
Salt,NNP,salt
Salute,NNP,salute
Salute,VB,salute
Salvation,NNP,salvation
Samaria,NNP,samaria
Samaritan,NNPS,samaritans
Samlah,NNP,samlah
Sammy,NNP,sammy
Samson,NNP,samson
Samuel,NNP,samuel
Sanballat,NNP,sanballat
Sanctify,VB,sanctify
Santa,NNP,santa
Saracen,NNP,saracen
Sarah,NNP,sarah
Sarai,NNP,sarai
Sardi,NNP,sardis
Sat,NNP,sat
Satan,NNP,satan
Saturday,NNP,saturday
Saturn,NNP,saturn
Saul,NNP,saul
Save,VB,save
Saviour,NNP,saviour
Say,NNP,say
Say,VB,say
Say,VBD,said
Say,VBG,saying
Say,VBP,say
Say,VBZ,says
Saying,NN,saying
Saying,NNP,saying
Scaena,NNP,scaena
Scarce,NNP,scarce
Scarcely,RB,scarcely
Scena,NNP,scena
School,NNP,school
School,NNPS,schools
Schoole,NNP,schoole
Scoresby,NNP,scoresby
Scorpion,NNP,scorpion
Scotch,NNP,scotch
Scotchman,NNP,scotchman
Scotland,NNP,scotland
Scott,NNP,scott
Scripture,NN,scripture
Scull,NNP,scull
Se,JJS,seest
Sea,NN,sea
Sea,NNP,sea
Sea,NNPS,seas
Seale,NNP,seale
Search,NNP,search
Season,NNP,season
Seba,NNP,seba
Sebastian,NNP,sebastian
Second,JJ,second
Second,NNP,second
Secretary,NNP,secretary
Secunda,NNP,secunda
Secundus,NNP,secundus
See,VB,see
See,VBD,saw
See,VBG,seeing
See,VBN,seen
See,VBP,see
Seed,NN,seed
Seek,VB,seek
Seek,VBG,seeking
Seem,VBZ,seems
Seir,NNP,seir
Seize,VBG,seizing
Selah,NNP,selah
Self,NN,self
Selina,NNP,selina
Senate,NNP,senate
Senator,NNPS,senators
Send,VB,send
Send,VBN,sent
Sennacherib,NNP,sennacherib
Sepharvaim,NNP,sepharvaim
September,NNP,september
Ser,NNP,ser
Seraiah,NNP,seraiah
Seraph,NNP,seraph
Seraphim,NNP,seraphim
Serpent,NNP,serpent
Seruant,JJ,seruant
Seruant,NNP,seruant
Serug,NNP,serug
Servant,NNS,servants
Serve,VBD,served
Served,NNP,served
Set,NNP,set
Set,VB,set
Set,VBN,set
Seth,NNP,seth
Seven,NNP,seven
Seventh,NNP,seventh
Several,JJ,several
Sey,NNP,sey
Seymour,NNP,seymour
Seyton,NNP,seyton
Seyward,NNP,seyward
Shadow,NNP,shadow
Shadrach,NNP,shadrach
Shake,VB,shake
Shakespeare,NNP,shakespeare
Shakspere,NNP,shakspere
Shall,NNP,shall
Shallum,NNP,shallum
Shalt,NNP,shalt
Shame,NN,shame
Shamir,NNP,shamir
Shammah,NNP,shammah
Shammai,NNP,shammai
Shammua,NNP,shammua
Shape,NNS,shapes
Shaphan,NNP,shaphan
Shaphat,NNP,shaphat
Shark,NNP,shark
Sharon,NNP,sharon
Shaul,NNP,shaul
Shealtiel,NNP,shealtiel
Sheba,NNP,sheba
Shebaniah,NNP,shebaniah
Shebna,NNP,shebna
Shechaniah,NNP,shechaniah
Shechem,NNP,shechem
Shedeur,NNP,shedeur
Shelah,NNP,shelah
Shelemiah,NNP,shelemiah
Shelomith,NNP,shelomith
Shelumiel,NNP,shelumiel
Shem,NNP,shem
Shema,NNP,shema
Shemaiah,NNP,shemaiah
Shemiramoth,NNP,shemiramoth
Shephatiah,NNP,shephatiah
Shepherd,NNP,shepherd
Sherebiah,NNP,sherebiah
Sheshan,NNP,sheshan
Sheshbazzar,NNP,sheshbazzar
Shetharboznaus,NNP,shetharboznai
Shew,NNP,shew
Shiloh,NNP,shiloh
Shilonite,NNP,shilonite
Shimea,NNP,shimea
Shimeah,NNP,shimeah
Shimeus,NNP,shimei
Shimron,NNP,shimron
Shimshai,NNP,shimshai
Shinar,NNP,shinar
Ship,NN,ship
Ship,NNP,ship
Shipmate,NNS,shipmates
Shirley,NNP,shirley
Shishak,NNP,shishak
Shittim,NNP,shittim
Shobab,NNP,shobab
Shobal,NNP,shobal
Shore,NNP,shore
Shore,NNS,shores
Short,JJ,short
Shot,NNP,shot
Show,VB,show
Shrewsbury,NNP,shrewsbury
Shuah,NNP,shuah
Shuhite,NNP,shuhite
Shunammite,NNP,shunammite
Shur,NNP,shur
Shushan,NNP,shushan
Shuthelah,NNP,shuthelah
Sibmah,NNP,sibmah
Sicily,NNP,sicily
Sidon,NNP,sidon
Sidonian,NNPS,sidonians
Signor,NNP,signor
Sihon,NNP,sihon
Sila,NNP,silas
Silence,NN,silence
Silence,NNP,silence
Silent,JJ,silent
Silent,NNP,silent
Silvanu,NNP,silvanus
Simeon,NNP,simeon
Simon,NNP,simon
Simple,NNP,simple
Simpson,NNP,simpson
Sin,NN,sin
Sin,NNP,sin
Sinai,NNP,sinai
Sing,VB,sing
Sing,VBG,singing
Sing,VBP,sing
Sion,NNP,sion
Sir,NNP,sir
Sire,NNP,sire
Sirrum,NNP,sirra
Siserum,NNP,sisera
Sister,NNP,sister
Sister,NNPS,sisters
Sit,NNP,sit
Sit,VB,sit
Sit,VBZ,sits
Slay,VB,slay
Sleep,NNP,sleep
Sleep,VB,sleep
Sleep,VBG,sleeping
Sleepe,NNP,sleepe
Sleet,NNP,sleet
Slowly,RB,slowly
Small,JJ,small
Small,NNP,small
Smallridge,NNP,smallridge
Smart,NNP,smart
Smiling,NNP,smiling
Smite,NNP,smite
Smith,NNP,smith
Snake,NNP,snake
Snow,NNP,snow
So,RB,so
Society,NNP,society
Sodom,NNP,sodom
Soft,JJ,soft
Soft,NNP,soft
Soldier,NNPS,soldiers
Sole,NNP,sole
Solomon,NNP,solomon
Somebody,NN,somebody
Somehow,RB,somehow
Somer,NNP,somers
Somer,NNPS,somers
Somersetshire,NNP,somersetshire
Somerville,NNP,somerville
Something,NN,something
Sometimes,RB,sometimes
Somewhat,RB,somewhat
Somewhere,RB,somewhere
Son,NNP,son
Song,NN,song
Song,NNP,song
Song,NNS,songs
Sonne,NNP,sonne
Sonne,NNPS,sonnes
Soo,NNP,soo
Soon,NNP,soon
Soon,RB,soon
Sooth,NNP,sooth
Sophia,NNP,sophia
Sophy,NN,sophy
Sophy,NNP,sophy
Sorrow,NNP,sorrow
Soueraigne,NNP,soueraigne
Soul,NNP,soul
Souldier,NNP,souldier
Soule,NNP,soule
Sound,VB,sound
Soup,NNP,soup
South,JJ,south
South,NNP,south
Southern,JJ,southern
Southern,NNP,southern
Southerner,NNP,southerner
Sovran,NNP,sovran
Space,NNP,space
Spain,NNP,spain
Spaniard,NNP,spaniard
Spanish,JJ,spanish
Speak,NNP,speak
Speak,VB,speak
Speak,VBG,speaking
Speak,VBP,speak
Speake,JJ,speake
Speake,NNP,speake
Speech,NNP,speech
Speech,NNPS,speeches
Spencer,NNP,spencer
Sperm,NNP,sperm
Spirit,NNP,spirit
Spirit,NNPS,spirits
Spirit,NNS,spirits
Spitzbergen,NNP,spitzbergen
Spouter,NNP,spouter
Spring,NN,spring
Spring,NNP,spring
Square,NNP,square
Squire,NNP,squire
Squirrel,NNP,squirrel
St,NNP,st
Stage,NN,stage
Stand,NNP,stands
Stand,VB,stand
Stand,VBG,standing
Star,NNP,star
Star,NNPS,stars
Starbuck,NNP,starbuck
Starre,NNP,starre
Starre,NNS,starres
Start,VB,start
Start,VBG,starting
State,NN,state
State,NNP,states
State,NNPS,states
State,NNS,states
Station,NNP,station
Statue,NNP,statue
Stay,VB,stay
Steady,NNP,steady
Steele,NNP,steele
Steelkilt,NNP,steelkilt
Stephen,NNP,stephen
Stern,NNP,stern
Steward,NNP,steward
Still,RB,still
Stood,NNP,stood
Stop,VB,stop
Story,NNP,story
Stra,NNP,stra
Strait,NNPS,straits
Strange,JJ,strange
Strathspey,NNP,strathspey
Strato,NNP,strato
Street,NNP,street
Strength,NNP,strength
Stretch,NNP,stretch
Stretch,VB,stretch
Strike,VB,strike
Strong,JJ,strong
Stubb,NNP,stubb
Stygian,JJ,stygian
Sub,NNP,sub
Succoth,NNP,succoth
Such,JJ,such
Suckling,NNP,suckling
Suckling,NNS,sucklings
Suddenly,RB,suddenly
Suez,NNP,suez
Suffer,VB,suffer
Sufficient,JJ,sufficient
Suliman,NNP,suliman
Sumatra,NNP,sumatra
Sun,NNP,sun
Sunda,NNP,sunda
Sunday,NNP,sunday
Sunne,NNP,sunne
Sunset,NNP,sunset
Sunshine,NNP,sunshine
Superiour,NNP,superiour
Supper,NNP,supper
Suppose,VB,suppose
Supreme,NNP,supreme
Surely,RB,surely
Surry,NNP,surry
Susan,NNP,susan
Suspend,VBN,suspended
Sussex,NNP,sussex
Swear,NNP,swear
Sweare,NNP,sweare
Sweepstake,NNP,sweepstakes
Sweepstake,NNPS,sweepstakes
Sweet,JJ,sweet
Sweet,NNP,sweet
Swiftly,RB,swiftly
Swinburne,NNP,swinburne
Swisserland,NNP,swisserland
Sword,NNP,sword
Sword,NNPS,swords
Syme,NNP,syme
Syme,VB,syme
Syria,NNP,syria
Syrian,JJ,syrian
Syrian,NNP,syrian
Syrian,NNPS,syrians
T,NNP,t
TAKE,VB,take
TALBOT,NNP,talbot
THEIR,NNP,their
THEN,RB,then
THERE,RB,there
THING,NN,thing
TIME,NNP,time
TREE,NN,tree
TWO,NNP,two
Taanach,NNP,taanach
Table,NN,table
Table,NNP,table
Tabor,NNP,tabor
Tahath,NNP,tahath
Tahiti,NNP,tahiti
Take,VB,take
Take,VBG,taking
Talb,NNP,talb
Talbot,NN,talbot
Talbot,NNP,talbot
Talbot,NNPS,talbots
Tale,NNP,tale
Talk,VB,talk
Tall,JJ,tall
Talmai,NNP,talmai
Talmon,NNP,talmon
Tamar,NNP,tamar
Taper,NNP,taper
Tappuah,NNPS,tappuah
Tarlton,NNP,tarlton
Tarry,NNP,tarry
Tarshish,JJ,tarshish
Tarshish,NNP,tarshish
Tarsus,NNP,tarsus
Tartar,NNP,tartar
Tash,NNP,tash
Tashtego,NNP,tashtego
Tatnai,NNP,tatnai
Tattle,NNP,tattle
Taunton,NNP,taunton
Taurus,NNP,taurus
Taylor,NNP,taylor
Teach,VB,teach
Tekoa,NNP,tekoa
Tell,VB,tell
Tema,NNP,tema
Teman,NNP,teman
Temanite,NNP,temanite
Temple,NNP,temple
Tempter,NNP,tempter
Tend,VBG,tending
Tennessee,NNP,tennessee
Tennyson,NNP,tennyson
Tent,NNP,tent
Terah,NNP,terah
Terror,NNP,terror
Terror,NNS,terrors
Tertia,NNP,tertia
Tertiary,NNP,tertiary
Testament,NNP,testament
Texas,NNP,texas
Th,NN,th
Th,NNP,th
Thames,NNP,thames
Thames,NNPS,thames
Thane,NNP,thane
Thank,NNS,thanks
Thank,VBP,thank
Thanke,NNS,thankes
Tharshish,NNP,tharshish
That,RB,that
Thee,NNP,thee
Thel,NNP,thel
Then,RB,then
Thence,NNP,thence
There,RB,there
Therefore,RB,therefore
Therein,RB,therein
Theresa,NNP,theresa
Thessalonian,NNPS,thessalonians
Thessalonica,NNP,thessalonica
Thick,NNP,thick
Thief,NN,thief
Thieve,NNPS,thieves
Thine,JJ,thine
Thine,NNP,thine
Thing,NN,thing
Thing,NNS,things
Think,VB,think
Think,VBP,think
Think,VBZ,thinks
Third,JJ,third
Third,NNP,third
Thither,NNP,thither
Thomas,NNP,thomas
Thou,NN,thou
Thou,NNP,thou
Though,NNP,though
Though,RB,though
Thought,NN,thought
Thought,NNP,thought
Thought,NNS,thoughts
Thrice,NNP,thrice
Throne,NN,throne
Throne,NNP,thrones
Throne,NNS,thrones
Thumb,NNP,thumb
Thummim,NNP,thummim
Thunder,NN,thunder
Thunder,NNP,thunder
Thursday,NNP,thursday
Thus,RB,thus
Thy,JJ,thy
Thy,NNP,thy
Thyatirum,NNP,thyatira
Tiberia,NNP,tiberias
Tiger,NNP,tiger
Till,NNP,till
Time,NN,time
Time,NNP,time
Timna,NNP,timna
Timnath,NNP,timnath
Timotheus,NNP,timotheus
Timothy,NNP,timothy
Tirshatha,NNP,tirshatha
Tirzah,NNP,tirzah
Tis,NN,tis
Tis,NNP,tis
Tis,VB,tis
Tishbite,NNP,tishbite
Tit,NNP,tit
Titin,NNP,titin
Titinius,NNP,titinius
Title,NNP,title
Titus,NNP,titus
Tobiah,NNP,tobiah
Todd,NNP,todd
Todhunter,NNP,todhunter
Togarmah,NNP,togarmah
Together,RB,together
Tola,NNP,tola
Tolstoy,NNP,tolstoy
Tom,NNP,tom
Tongue,NNP,tongue
Too,RB,too
Tophet,NNP,tophet
Torch,NN,torch
Torre,NNP,torre
Tortoise,NNP,tortoise
Touch,VB,touch
Touch,VBG,touching
Tower,NNP,tower
Town,NNP,town
Townsend,NN,townsend
Townsend,NNP,townsend
Townsend,VB,townsend
Trade,NNP,trade
Traitor,NNP,traitor
Traitor,NNPS,traitors
Traitor,NNS,traitors
Tranquo,NNP,tranquo
Treason,NNP,treason
Treasure,NNP,treasure
Trebonius,NNP,trebonius
Tree,NNP,tree
Trick,NNP,trick
Triumph,NNP,triumph
Troa,NNP,troas
Troop,VBG,trooping
Trouble,NN,trouble
Troy,NNP,troy
Truck,NNP,truck
True,JJ,true
Trueman,NNP,trueman
Truly,RB,truly
Trumpet,NNP,trumpet
Trust,NNP,trust
Truth,NN,truth
Truth,NNP,truth
Try,NNP,try
Tubal,NNP,tubal
Tuesday,NNP,tuesday
Tulip,NNP,tulip
Tun,NNP,tun
Turk,NNP,turk
Turk,NNPS,turks
Turkish,JJ,turkish
Turkish,NNP,turkish
Turn,NNP,turn
Turn,VB,turn
Turn,VBG,turning
Turnbull,NN,turnbull
Turnbull,NNP,turnbull
Turtle,NNP,turtle
Twa,NNP,twas
Twere,RB,twere
Twice,RB,twice
Twill,NNP,twill
Tyber,NNP,tyber
Tychicus,NNP,tychicus
Typhoon,NNP,typhoon
Tyranny,NNP,tyranny
Tyrant,NNP,tyrant
Tyrant,NNPS,tyrants
Tyre,NNP,tyre
Tyrus,NNP,tyrus
US,NNP,us
Ulam,NNP,ulam
Um,NNP,um
Unc,NNP,unc
Understand,NNP,understand
Undoubtedly,RB,undoubtedly
Unfold,VBN,unfolded
Union,NNP,union
United,NNP,united
Unknown,NNP,unknown
Unseen,JJ,unseen
Unseen,NNP,unseen
Unspeakable,JJ,unspeakable
Unto,NNP,unto
Up,NNP,up
Up,RB,up
Uppercross,NNP,uppercross
Ur,NNP,ur
Uriah,NNP,uriah
Uriel,NNP,uriel
Urijah,NNP,urijah
Urim,NNP,urim
Urus,NNP,uri
Usher,NNP,usher
Uz,NNP,uz
Uzza,NNP,uzza
Uzzah,NNP,uzzah
Uzzi,NNP,uzzi
Uzziah,NNP,uzziah
Uzziel,NNP,uzziel
V,NN,v
VERY,RB,very
VI,NNP,vi
VII,NNP,vii
VIII,NNP,viii
VOICE,NN,voice
VOYAGE,NN,voyage
Vain,NNP,vain
Valiant,NNP,valiant
Valogne,NNP,valognes
Vane,NNP,vane
Vanity,NN,vanity
Var,NNP,var
Vashtus,NNP,vashti
Venetian,JJ,venetian
Vengeance,NNP,vengeance
Venice,NNP,venice
Venom,NNP,venom
Verily,RB,verily
Vermont,NNP,vermont
Vertue,NNP,vertue
Very,RB,very
Vesuvius,NNP,vesuvius
Vicarage,NNP,vicarage
Vice,NNP,vice
Victor,NNP,victor
Victoria,NNP,victoria
Victory,NN,victory
Vigil,NNP,vigil
Villaine,NNP,villaine
Villaine,NNPS,villaines
Villar,NNP,villars
Vineyard,NNP,vineyard
Violet,NNP,violet
Violetta,NNP,violetta
Virgin,NNP,virgin
Virginia,NNP,virginia
Virtue,NNP,virtue
Virtue,NNPS,virtues
Viscountess,NNP,viscountess
Vishnoo,NNP,vishnoo
Vision,NNP,vision
Vnder,NNP,vnder
Vnkle,NNP,vnkle
Vnto,NNP,vnto
Voice,NNP,voice
Voice,NNPS,voices
Volumnius,NNP,volumnius
Vow,NNP,vow
Vpon,NNP,vpon
Vpon,VB,vpon
WANT,NNP,want
WASTE,NNP,waste
WHALE,NN,whale
WHALE,NNP,whale
WHALE,NNS,whale
WHALE,VB,whaling
WHEELER,NNP,wheeler
WILLIAM,NNP,william
Wagga,NNP,wagga
Wait,VB,wait
Wait,VBG,waiting
Waiter,NNP,waiter
Wales,NNP,wales
Walk,VB,walk
Walk,VBG,walking
Wallis,NNP,wallis
Walt,NNP,walt
Walter,NNP,walter
Wander,VBG,wandering
Wandering,NN,wandering
War,NN,war
War,NNP,war
Warre,NNP,warre
Wash,VB,wash
Washington,NNP,washington
Watch,NN,watch
Watch,NNP,watch
Watch,VB,watch
Watch,VBG,watching
Water,NNP,water
Watson,NNP,watson
Wave,NNPS,waves
Wealth,NNP,wealth
Weave,NNP,weave
Wednesday,NNP,wednesday
Wee,NNP,wee
Wee'l,NNP,wee'l
Weep,NNP,weep
Weeping,NNP,weeping
Welcome,NNP,welcome
Welcome,VBP,welcome
Well,RBR,better
Well,RBS,best
Wells,NNP,wells
Wentworth,NNP,wentworth
West,NNP,west
Western,JJ,western
Western,NNP,western
Westgate,NNP,westgate
Westminster,NNP,westminster
Weston,NNP,weston
Weston,NNPS,westons
Weymouth,NNP,weymouth
Whale,NN,whale
Whale,NNP,whale
Whaling,NNP,whaling
Whatsoev,RB,whatsoever
Whatsoever,NNP,whatsoever
Wheel,NN,wheel
Wheeler,NN,wheeler
Wheeler,NNP,wheeler
Whence,NNP,whence
Wherefore,NN,wherefore
Wherefore,NNP,wherefore
Wherefore,VB,wherefore
Wherein,NNP,wherein
Whereof,NNP,whereof
Whereon,NNP,whereon
Wheresoever,NNP,wheresoever
Whereunto,NNP,whereunto
Whereupon,NNP,whereupon
Wherever,NNP,wherever
Wherewith,NNP,wherewith
White,JJ,white
White,NNP,white
Whither,NN,whither
Whither,NNP,whither
Whitman,NNP,whitman
Whitwell,NNP,whitwell
Whom,NNP,whom
Whose,NNP,whose
Whoso,NNP,whoso
Whosoever,NNP,whosoever
Wide,RB,wide
Wife,NN,wife
Wife,NNP,wife
Wild,NNP,wild
Wilkinson,NNP,wilkinson
Will,NNP,will
William,NNP,william
Williams,NNP,williams
Willoughby,NN,willoughby
Willoughby,NNP,willoughby
Wilson,NNP,wilson
Wilt,NN,wilt
Wilt,NNP,wilt
Wimpey,NNP,wimpey
Wind,NNP,wind
Wind,NNS,winds
Winde,NNP,winde
Windmill,NNP,windmill
Windsor,NNP,windsor
Wine,NNP,wine
Wingfield,NNP,wingfield
Winthrop,NNP,winthrop
Wisconsin,NNP,wisconsin
Wisdom,NN,wisdom
Wisdom,NNP,wisdom
Wise,NNP,wise
Wisedome,NNP,wisedome
Wit,NNP,wit
Witch,NNS,witches
Witherspoon,NNP,witherspoon
Witness,VB,witness
Woe,JJ,woe
Woe,NN,woe
Woe,NNP,woe
Wolf,NNP,wolf
Woman,NN,woman
Woman,NNP,woman
Woman,NNS,women
Women,NNP,women
Wonderful,JJ,wonderful
Wood,NNP,wood
Wood,NNPS,woods
Woodhouse,NNP,woodhouse
Woodpecker,NNP,woodpecker
Word,NNP,word
Word,NNS,words
Worke,NNP,worke
World,NN,world
World,NNP,world
Worm,NN,worm
Worm,NNP,worms
Worthy,NNP,worthy
Wrath,NN,wrath
Wright,NNP,wright
Write,NNP,write
Write,VB,write
X,NN,x
XI,NNP,xi
XII,NN,xii
XII,NNP,xii
XIII,NNP,xiii
XIX,NNP,xix
XV,NNP,xv
XVI,NNP,xvi
XVIII,NNP,xviii
Yankee,NNP,yankee
Yard,NNP,yard
Yarman,NNP,yarman
Ye,NNP,ye
Ye,NNS,ye
Yea,NNP,yea
Year,NN,year
Year,NNP,year
Year,NNS,years
Yet,RB,yet
Yojo,NNP,yojo
York,NNP,york
Yorkshire,NNP,yorkshire
Young,JJ,young
Young,NNP,young
Your,NNS,yours
Youth,NNP,youth
Zabad,NNP,zabad
Zabdi,NNP,zabdi
Zaccur,NNP,zaccur
Zacharia,NNP,zacharias
Zachariah,NNP,zachariah
Zadok,NNP,zadok
Zalmunna,NNP,zalmunna
Zanoah,NNP,zanoah
Zarhite,NNPS,zarhites
Zealand,NNP,zealand
Zebadiah,NNP,zebadiah
Zebah,NNP,zebah
Zebedee,NNP,zebedee
Zeboim,NNP,zeboim
Zebul,NNP,zebul
Zebulun,NNP,zebulun
Zechariah,NNP,zechariah
Zedekiah,NNP,zedekiah
Zeeb,NNP,zeeb
Zelia,NNP,zelia
Zelophehad,NNP,zelophehad
Zephaniah,NNP,zephaniah
Zephon,NNP,zephon
Zerah,NNP,zerah
Zerahiah,NNP,zerahiah
Zeresh,NNP,zeresh
Zerubbabel,NNP,zerubbabel
Zeruiah,NNP,zeruiah
Ziba,NNP,ziba
Zibeon,NNP,zibeon
Zichrus,NNP,zichri
Zidon,NNP,zidon
Zidonian,NNPS,zidonians
Ziklag,NNP,ziklag
Zilpah,NNP,zilpah
Zimri,NNP,zimri
Zin,NNP,zin
Zion,NNP,zion
Ziph,NNP,ziph
Zippor,NNP,zippor
Zoan,NNP,zoan
Zoar,NNP,zoar
Zobah,NNP,zobah
Zohar,NNP,zohar
Zophar,NNP,zophar
Zorah,NNP,zorah
Zuar,NNP,zuar
Zur,NNP,zur
Zurishaddai,NNP,zurishaddai
abho,JJ,abhor
abhorreth,VBD,abhorreth
abide,VBP,abode
abide,VBZ,abode
abideth,NNS,abideth
abideth,VBZ,abideth
acclamation,NNS,acclamations
accustome,JJ,accustomed
afflict,JJ,afflicted
affright,JJ,affrighted
afore,VBP,afore
afresh,NNS,afresh
alarm,JJ,alarmed
alarmy,JJ,alarming
alight,VBD,alighted
aliue,NNS,aliue
allege,JJ,alleged
amaze,JJ,amazed
amuse,JJ,amused
amy,RB,amiss
an't,VBP,an't
anarch,JJ,anarchist
answereth,VBD,answereth
appeareth,VBZ,appeareth
arch,NNS,arches
ariseth,VBD,ariseth
art,VBP,art
asleepe,NNS,asleepe
asp,NN,asps
astonish,JJ,astonished
asund,JJ,asunder
asund,RB,asunder
asunder,VBP,asunder
athe,JJ,atheist
bake,JJ,baked
baken,VBN,baken
barren,NNS,barren
beare,VBP,beare
beareth,VBP,beareth
becometh,VBD,becometh
beene,NNS,beene
beene,VBN,beene
begat,VBD,begat
beget,VBD,begotten
begge,NNS,begge
behold,VBN,behold
beholdeth,VBD,beholdeth
believeth,VBD,believeth
believeth,VBP,believeth
belongeth,VBD,belongeth
bereave,VBN,bereaved
beseech,VBD,beseech
beseech,VBP,besought
bespeak,VBN,bespoke
betook,VBD,betook
betweene,VBD,betweene
bid,VBD,bid
bindeth,VBD,bindeth
blend,VBN,blended
bless,VBD,blessed
bless,VBN,blessed
blesseth,VBP,blesseth
bly,JJ,bliss
bondmen,NNS,bondmen
bounteou,JJ,bounteous
breaketh,VBD,breaketh
brim,JJ,brimmed
bringeth,VBD,bringeth
brow,JJ,browed
bruise,JJ,bruised
buildeth,VBD,buildeth
buoy,NNS,buoy
burn,VBD,burned
burneth,VBD,burneth
calculate,JJ,calculated
call'd,NNS,call'd
call'd,VBZ,call'd
calleth,VBD,calleth
calm,NNS,calms
caro,NNS,caro
casteth,VBD,casteth
causeth,VBD,causeth
celebrate,JJ,celebrated
chain'd,NNS,chain'd
charm,JJ,charmed
charmy,JJ,charming
chasteneth,VBD,chasteneth
cheweth,VBD,cheweth
choky,JJ,choking
civilize,JJ,civilized
clad,VBN,clad
clave,VBP,clave
claw,NN,claws
cleave,VBN,cloven
cocoum,NN,cocoa
cometh,VBD,cometh
cometh,VBP,cometh
comforteth,VBD,comforteth
commandeth,VBD,commandeth
compasseth,VBD,compasseth
conceal'd,NNS,conceal'd
condemneth,VBD,condemneth
conf,RB,confess
confess,VBZ,confess
conjure,JJ,conjuring
consecration,NNS,consecrations
cook,JJ,cooked
correspondy,JJ,corresponding
cover'd,NNS,cover'd
covereth,VBD,covereth
covereth,VBP,covereth
creepeth,VBP,creepeth
crieth,VBD,crieth
cripple,JJ,crippled
crow',NN,crow's
curseth,VBD,curseth
d'ye,NNS,d'ye
damn'd,NNS,damn'd
daresay,VBP,daresay
dary,JJ,daring
dat,VBD,dat
daze,JJ,dazed
dead,NNS,dead
dealeth,VBD,dealeth
deceit,NNS,deceits
deceive,JJ,deceived
deceiveth,VBD,deceiveth
decide,JJ,decided
deepe,NNS,deepe
deere,VBD,deere
delight,JJ,delighted
delighteth,VBP,delighteth
delivereth,VBD,delivereth
demus,JJ,demi
departeth,VBD,departeth
depress,JJ,depressing
desert,JJ,deserted
desireth,VBD,desireth
desolation,NNS,desolations
despiseth,VBD,despiseth
det,JJS,detest
determin'd,NNS,determin'd
devoureth,VBD,devoureth
dew,NNS,dews
dieth,VBD,dieth
dig,VBD,digged
dig,VBN,digged
dim,NNS,dim
dismay,JJ,dismayed
displease,JJ,displeased
dispose,JJ,disposed
dissatisfy,JJ,dissatisfied
distinguish,JJ,distinguishing
distress,JJ,distressed
distress,NNS,distresses
dive,VBD,dived
divideth,VBZ,divideth
do,JJS,dost
doe,JJS,doest
doe,VBP,doe
doeth,VBD,doeth
doeth,VBP,doeth
dost,VBD,dost
doth,VBP,doth
downe,VBD,downe
downe,VBP,downe
drave,VBD,drave
drave,VBP,drave
dread,JJ,dreaded
dream,VBD,dreamed
dream,VBN,dreamed
dress,JJ,dressed
drinketh,VBD,drinketh
drippy,JJ,dripping
drown'd,NNS,drown'd
drunken,VBN,drunken
dur,JJS,durst
dur,RB,durst
dur,RBS,durst
dwell,VBD,dwell
dwell,VBP,dwelt
dwelleth,VBD,dwelleth
dwelly,JJ,dwelling
e'en,NNS,e'en
eateth,VBD,eateth
eateth,VBZ,eateth
edify,NN,edifying
effuse,VBP,effuse
elevate,JJ,elevated
embarrass,JJ,embarrassed
encourage,JJ,encouraging
endureth,VBN,endureth
endureth,VBZ,endureth
enrage,JJ,enraged
entereth,VBZ,entereth
ere,VBN,ere
ere,VBP,ere
euen,VBP,euen
euer,VBP,euer
exalteth,VBD,exalteth
exceedy,JJ,exceeding
exhaust,JJ,exhausted
exult,JJ,exulting
eye,VBG,eyeing
fade,JJ,faded
fail'd,NNS,fail'd
falleth,VBD,falleth
falleth,VBN,falleth
falter,JJ,faltering
far,RBR,farther
fashione,JJ,fashioned
fatigue,NNS,fatigues
favou,JJ,favoured
feare,VBP,feare
feareth,VBD,feareth
feareth,VBZ,feareth
fearfuln,JJ,fearfulness
feedeth,VBD,feedeth
fill'd,NNS,fill'd
fill'd,VBZ,fill'd
filleth,VBD,filleth
findeth,VBZ,findeth
fit,VBD,fitted
fit,VBN,fitted
flamy,JJ,flaming
flattereth,VBP,flattereth
flattery,JJ,flattering
float,JJ,floated
floweth,VBP,floweth
flut,RB,flutter
foil,JJ,foiled
follow,JJ,following
followeth,VBD,followeth
foremost,JJS,foremost
forgat,VBD,forgat
fork,JJ,forked
form,VBZ,form'd
forsake,VBD,forsaken
forsaketh,VBD,forsaketh
forty,JJ,fortieth
free,JJR,freer
freew,JJ,freewill
frighten,JJ,frightened
fulfill,VB,fulfil
fulfill'd,NNS,fulfill'd
furnish,JJ,furnished
gat,VBP,gat
gathereth,VBD,gathereth
gaue,VBP,gaue
gavest,VBP,gavest
gird,VBD,girded
gird,VBN,girded
giue,NNS,giue
giue,VBZ,giue
giuen,VBD,giuen
givest,VBP,givest
giveth,VBZ,giveth
glove,JJ,gloved
glowy,JJ,glowing
gnaw,NNS,gnaw
goeth,VBD,goeth
goeth,VBN,goeth
goeth,VBP,goeth
goeth,VBZ,goeth
gown,VBN,gown
grandeur,NNS,grandeurs
grandma,NN,grandmama
grati,NN,gratis
gratify,JJ,gratified
graven,VBN,graven
growe,NN,growes
groweth,VBD,groweth
gy,JJS,goest
gy,RB,goest
halfpenny,NN,halfpence
hallow,JJ,hallowed
hand,JJ,handed
handful,NNS,handfuls
handma,JJ,handmaid
handmaid,VBN,handmaid
hang,VBN,hanged
happeneth,VBD,happeneth
harden,JJ,hardened
hast,VBD,hast
hast,VBP,hast
hateth,VBD,hateth
hath,VBD,hath
hath,VBP,hath
hath,VBZ,hath
haue,VBP,haue
headsmen,NNS,headsmen
healeth,VBD,healeth
heare,VBP,heare
heareth,VBD,heareth
hearken,VBN,hearken
heart,JJ,hearted
heat,JJ,heated
heave,VBD,heaved
heave,VBN,heaved
hee,VBZ,hee
helpeth,VBZ,helpeth
herdmen,NNS,herdmen
hereabout,RB,hereabouts
hide,VBN,hid
hideth,VBD,hideth
hoist,JJ,hoisted
holdeth,VBD,holdeth
holdeth,VBP,holdeth
honoureth,VBD,honoureth
hoof,NNS,hoofs
hook,JJ,hooked
humbleth,VBD,humbleth
humour,JJ,humoured
hump,JJ,humped
hungre,JJ,hungred
hurry,JJ,hurried
husbandmen,NNS,husbandmen
hyssop,NNS,hyssop
i,RB,is
idlen,JJ,idleness
impoverish,JJ,impoverished
impress,JJ,impressed
incline,JJ,inclined
insult,JJ,insulting
interrupt,JJ,interrupted
intoxicate,JJ,intoxicated
intreat,VBP,intreat
involve,JJ,involved
irritate,JJ,irritated
join'd,NNS,join'd
joy,VBP,joy
judgest,VBP,judgest
judgeth,VBD,judgeth
jurymen,NNS,jurymen
keepe,NNS,keepe
keepe,VBP,keepe
keepe,VBZ,keepe
keepeth,VBD,keepeth
keepeth,VBZ,keepeth
killeth,VBD,killeth
killeth,VBZ,killeth
kneel,VBD,kneeled
kneel,VBP,knelt
knowe,VBD,knowes
knowest,VBP,knowest
knoweth,VBD,knoweth
knowne,VBN,knowne
knowne,VBP,knowne
lacke,VBD,lacke
land,JJ,landed
landau,NNS,landau
landsmen,NNS,landsmen
later,RBR,later
layeth,VBD,layeth
le,JJ,lest
le,JJR,less
le,RB,lest
leadeth,VBD,leadeth
leadeth,VBP,leadeth
lean,VBD,leaned
leap,VBD,leaped
leap,VBN,leaped
learn,JJ,learned
learn,VBD,learned
learn,VBN,learned
learn'd,NNS,learn'd
least,JJS,least
leaue,VBP,leaue
leaveth,VBD,leaveth
lecture,NNS,lectures
leddest,VBP,leddest
lesser,JJR,lesser
level,VBD,levelled
level,VBN,levelled
lie,VB,lay
lieth,VBD,lieth
lieth,VBP,lieth
lifteth,VBD,lifteth
light,VBD,lighted
link,RB,link'd
lip,JJ,lipp'd
liue,NNS,liue
liue,VBZ,liue
liveth,VBD,liveth
load,JJ,loaded
look,JJ,looking
look'd,NNS,look'd
looke,VBD,looke
looketh,VBD,looketh
looketh,VBZ,looketh
lou'd,VBP,lou'd
loue,VBP,loue
louse,NN,lice
lovest,VBD,lovest
loveth,VBD,loveth
loveth,VBP,loveth
lust,NNS,lusts
lusteth,VBZ,lusteth
lye,NN,lyes
madest,VBP,madest
makest,VBP,makest
maketh,VBD,maketh
maketh,VBP,maketh
mank,VB,mankind
mat,RB,matter
meagre,NNS,meagre
meane,VBP,meane
meaneth,VBZ,meaneth
measur'd,NNS,measur'd
menace,JJ,menacing
merchantmen,NNS,merchantmen
merit,NNS,merits
mi,NN,mis
mid,VBD,mid
mind,JJ,minded
mingle,JJ,mingled
mocketh,VBD,mocketh
more,JJR,more
mortify,JJ,mortifying
most,JJS,most
mourneth,VBD,mourneth
mouthful,NNS,mouthfuls
moveth,VBD,moveth
muffle,JJ,muffled
myrtles,NNS,myrtles
nature,JJ,natured
negro,NNS,negro
neith,RB,neither
nether,JJR,nether
neu,JJ,neuer
neu,RB,neuer
newe,NN,newes
nigh,VBP,nigh
o're,NFP,o're
o're,NNS,o're
oblige,JJ,obliged
occupy,JJ,occupied
offend,JJ,offended
offereth,VBD,offereth
offereth,VBZ,offereth
oft,VBD,oft
ogre,NNS,ogre
openeth,VBZ,openeth
oppre,JJ,oppress
oppresseth,VBZ,oppresseth
oth,JJ,other
overcometh,VBD,overcometh
overflow,JJ,overflowing
overthroweth,VBD,overthroweth
p,JJ,pivot
pain,JJ,pained
parch,JJ,parched
passe,VBP,passe
passeth,VBD,passeth
peepe,VBZ,peepe
pent,VBN,pent
perfection,NNS,perfections
perverteth,VBD,perverteth
pianoforte,NNS,pianoforte
planteth,VBD,planteth
plateau,NN,plateaus
pleas',VB,pleas'd
pleaseth,VBD,pleaseth
ploughman,NN,plowman
pollute,JJ,polluted
poz,VBD,poz
praise,NNS,praises
preparest,VBP,preparest
preserveth,VBD,preserveth
proceedeth,VBD,proceedeth
promise,JJ,promising
prophesy,VBD,prophesy
prove,VBN,proved
pry,RB,prior
prythee,VBP,prythee
purify,NN,purifying
pursue,JJ,pursued
putteth,VBZ,putteth
puzzle,JJ,puzzled
quicken,VBD,quicken
quickeneth,VBD,quickeneth
rais',VBZ,rais'd
raiseth,VBD,raiseth
re,NNS,re
re,VBD,re
receiu',VBP,receiu'd
receiveth,VBD,receiveth
regardeth,VBP,regardeth
reigneth,VBD,reigneth
rejoiceth,VBP,rejoiceth
relieve,JJ,relieved
remaineth,VBP,remaineth
remembereth,VBD,remembereth
removeth,VBD,removeth
renew'd,NNS,renew'd
repenteth,VBD,repenteth
reproacheth,VBP,reproacheth
reproveth,VBP,reproveth
research,NNS,researches
resisteth,VBD,resisteth
resistle,JJ,resistless
return'd,NNS,return'd
returneth,VBP,returneth
revolvy,JJ,revolving
rewardeth,VBZ,rewardeth
ring,VBP,rang
riseth,VBD,riseth
rolly,JJ,rolling
roof,NNS,roofs
rotten,VBN,rotten
round,VBD,round
rul'd,NNS,rul'd
ruleth,VBD,ruleth
ruleth,VBP,ruleth
run,VBN,run
runneth,VBD,runneth
sail'd,VBZ,sail'd
saith,VBG,saith
saith,VBP,saith
sanctifieth,VBD,sanctifieth
sand,NNS,sands
satisfy,JJ,satisfied
saucy,NNS,saucy
saveth,VBD,saveth
sawest,JJS,sawest
sayest,VBP,sayest
scattereth,VBD,scattereth
se,JJS,seest
seaman,NN,seamen
searcheth,VBD,searcheth
seeketh,VBD,seeketh
seemeth,VBD,seemeth
seene,VBP,seene
seest,VBD,seest
seeth,NNS,seeth
seeth,VBD,seeth
seeth,VBZ,seeth
selfe,VBP,selfe
selleth,VBD,selleth
semus,JJ,semi
sendeth,VBZ,sendeth
serveth,VBD,serveth
setteth,VBD,setteth
sevenfolum,JJ,sevenfold
sha'n't,VBP,sha'n't
shaketh,VBD,shaketh
shalt,VBD,shalt
shalt,VBN,shalt
shape,JJ,shaped
shew,VBP,shew
shewe,NN,shewes
sheweth,VBD,sheweth
shewn,VBN,shewn
shineth,VBD,shineth
shock,JJ,shocking
shoe,VBZ,shod
should,NN,shouldest
should,VBP,shouldest
sidel,JJ,sidelong
signal,VBD,signalled
sinneth,VBD,sinneth
sitteth,VBD,sitteth
sitteth,VBP,sitteth
size,JJ,sized
sleep,NNS,sleeps
sleepe,NNS,sleepe
sleepe,VBZ,sleepe
sleepeth,VBD,sleepeth
sling,VBG,sling
slouch,JJ,slouched
smite,VBP,smote
smiteth,VBP,smiteth
soften,JJ,softened
sojourneth,VBZ,sojourneth
solicitude,NNS,solicitudes
spak,JJS,spakest
spake,VBD,spake
spake,VBP,spake
spareth,VBD,spareth
speake,VBP,speake
speaketh,VBP,speaketh
speaketh,VBZ,speaketh
spermacetus,NN,spermaceti
spill,VBD,spilled
spill,VBN,spilled
splintere,JJ,splintered
spoil,JJ,spoiled
spoil,VBD,spoiled
spoil,VBN,spoiled
spreadeth,VBD,spreadeth
stagger,JJ,staggering
standeth,VBD,standeth
startle,JJ,startled
stary,JJ,staring
stay,VBD,stayed
stay,VBN,stayed
stay,VBZ,stays
sting,VBG,sting
stirreth,VBD,stirreth
stirry,JJ,stirring
stoppeth,VBD,stoppeth
stopt,VBZ,stopt
straightway,VBP,straightway
stratum,NN,strata
stretcheth,VBD,stretcheth
stun,JJ,stunned
subdue,JJ,subdued
subterraneou,JJ,subterraneous
suffer'd,NNS,suffer'd
sulky,NNS,sulky
sullen,VBD,sullen
sullen,VBN,sullen
summons,NNS,summons
sunken,VBN,sunken
surprise,JJ,surprised
surprize,JJ,surprized
sware,VBD,sware
sware,VBP,sware
swarmy,JJ,swarming
sweareth,VBD,sweareth
sweep,JJ,sweeping
tableau,NN,tableaus
taketh,VBD,taketh
teacheth,VBD,teacheth
teareth,VBD,teareth
tempty,JJ,tempting
tendinou,JJ,tendinous
thanke,VBP,thanke
thee,NNS,thee
thee,VBZ,thee
thereof,VBP,thereof
thine,VBP,thine
thinke,VBP,thinke
thirsteth,VBD,thirsteth
thirty,JJ,thirtieth
thith,RB,thither
thou,VBP,thou
thou,VBZ,thou
threaten,JJ,threatening
threshy,JJ,threshing
toil,NNS,toils
tooke,VBD,tooke
topmost,JJS,topmost
toss,JJ,tossed
touch,JJ,touching
toucheth,VBP,toucheth
toucheth,VBZ,toucheth
transg,JJ,transgress
travel,VBD,travelled
travel,VBG,travelling
travel,VBN,travelled
treadeth,VBD,treadeth
trifly,JJ,trifling
true,JJS,truest
trusteth,VBP,trusteth
turn'd,NNS,turn'd
turne,VBD,turne
turneth,VBD,turneth
twa,JJ,twas
twa,VBD,twas
twain,VBP,twain
twine,JJ,twined
twixt,NNS,twixt
two,NNS,twos
uncircumcise,JJ,uncircumcised
uncove,JJ,uncover
undefile,JJ,undefiled
unfalter,JJ,unfaltering
unintermitte,JJ,unintermitted
unloosen'd,NNS,unloosen'd
unmolest,JJ,unmolested
unperceive,JJ,unperceived
unrighteousn,JJ,unrighteousness
unsound,JJ,unsounded
untast,JJ,untasted
untemper,JJ,untempered
uplift,JJ,uplifted
uttereth,VBD,uttereth
v,NN,vs
v,NNP,vs
v,RB,vs
vaunt,JJ,vaunted
veil'd,NNS,veil'd
vertebra,NN,vertebrae
vnder,VBP,vnder
vnfold,VBD,vnfold
vse,VBP,vse
walketh,VBD,walketh
wall,JJ,walled
wandereth,VBD,wandereth
want,NNS,wants
watereth,VBD,watereth
wax,RB,waxen
wed,VBN,wedded
weepe,NNS,weepe
weepeth,VBD,weepeth
whale,VBP,whale
whalemen,NNS,whalemen
whaly,JJ,whaling
whatsoev,RB,whatsoever
wherein,VBD,wherein
whereof,VBP,whereof
whereon,VBD,whereon
wherewith,VBG,wherewith
whirr,NNS,whirr
whither,VBP,whither
whithersoev,JJ,whithersoever
whosoev,JJ,whosoever
whosoev,RB,whosoever
wilt,VBD,wilt
wind,VB,wound
wist,VBP,wist
wit,JJ,witted
witchcraft,NNS,witchcrafts
withal,VBP,withal
wither,JJ,withered
withereth,VBD,withereth
woe,VBD,woe
worketh,VBD,worketh
wot,VBD,wot
wound,JJ,wounded
wrapt,VBN,wrapt
writ,VBD,writ
ye,NNS,ye
ye,VBD,ye
ye,VBN,ye
ye,VBP,ye
ye,VBZ,ye
yeeld,VBD,yeeld
yell,JJ,yelled
yonder,JJR,yonder
you'l,NNS,you'l
